Account,Compound,Date,Negative,Neutral,Positive,Tweet,Tweets Ago
@BBCWorld,-0.765,Thu Sep 27 21:30:21 +0000 2018,0.548,0.452,0.0,Brett Kavanaugh denies Christine Blasey Ford sex assault claim https://t.co/i0EILgHDdO,1
@BBCWorld,0.6124,Thu Sep 27 21:02:24 +0000 2018,0.53,0.152,0.318,"""This is not a job interview, this is hell"" - Senator Lindsey Graham offers strong support to US Supreme Court nomi‚Ä¶ https://t.co/gl2TG2WICz",2
@BBCWorld,-0.5859,Thu Sep 27 20:52:01 +0000 2018,0.758,0.242,0.0,"Tense exchanges as Brett Kavanaugh faces questions in front of Senate Judiciary Committee, after denying allegation‚Ä¶ https://t.co/2CyGyZxKsb",3
@BBCWorld,-0.5859,Thu Sep 27 20:30:11 +0000 2018,0.647,0.259,0.095,RT @BBCBreaking: Tesla chief executive Elon Musk accused of fraud by the US Securities and Exchange Commission https://t.co/Qf8jtsrv8G,4
@BBCWorld,-0.5859,Thu Sep 27 20:28:18 +0000 2018,0.703,0.297,0.0,RT @BBCBusiness: US regulator alleges Elon Musk Tesla fraud https://t.co/8NBCt4Xfl1,5
@BBCWorld,0.5994,Thu Sep 27 20:00:52 +0000 2018,0.795,0.0,0.205,"US Supreme Court nominee Brett Kavanaugh asks to be judged by standard people would want applied to ""your father, y‚Ä¶ https://t.co/sj9t6mBV9p",6
@BBCWorld,0.9325,Thu Sep 27 19:51:51 +0000 2018,0.548,0.0,0.452,"""Those are some awesome women and I love all of them""

Brett Kavanaugh praises women who have supported him since a‚Ä¶ https://t.co/Cv7KsNafJa",7
@BBCWorld,0.0,Thu Sep 27 19:44:16 +0000 2018,1.0,0.0,0.0,#KavanaughHearings latest: https://t.co/aWkMrEnAg6 https://t.co/jJTSzVcpsd,8
@BBCWorld,0.5859,Thu Sep 27 19:32:48 +0000 2018,0.769,0.0,0.231,"""I am innocent of this charge"": Brett Kavanaugh breaks down while giving testimony at Senate Judiciary Committee‚Ä¶ https://t.co/CynWHbeMNK",9
@BBCWorld,0.0352,Thu Sep 27 19:18:58 +0000 2018,0.739,0.128,0.133,"RT @BBCBreaking: ""My family and my name have been totally and permanently destroyed"" - US Supreme Court nominee Brett Kavanaugh reacts to s‚Ä¶",10
@BBCWorld,-0.8402,Thu Sep 27 19:18:33 +0000 2018,0.6,0.4,0.0,"RT @BBCJonSopel: #JudgeKavanaugh is coming out swinging. He sounds aggressive and angry, as he emphatically denies the accusations against‚Ä¶",11
@BBCWorld,0.647,Thu Sep 27 18:55:27 +0000 2018,0.763,0.0,0.237,"""I think her testimony overall has been very powerful and very compelling"" - Senator Chris Coons, speaking after Ch‚Ä¶ https://t.co/A3dUGjXvTN",12
@BBCWorld,-0.8934,Thu Sep 27 18:36:15 +0000 2018,0.318,0.682,0.0,Netherlands police arrests foil 'major terrorist attack' https://t.co/owGOs2VL1G,13
@BBCWorld,0.34,Thu Sep 27 18:35:44 +0000 2018,0.811,0.063,0.126,"""A nice lady who has come forward to tell a hard story that's uncorroborated"" - Senator Lindsey Graham reacts to Ch‚Ä¶ https://t.co/cXhw9WAokH",14
@BBCWorld,0.5574,Thu Sep 27 18:21:32 +0000 2018,0.847,0.0,0.153,Women on both sides of the debate about Supreme Court nominee Brett Kavanaugh speak to us outside the US Senate‚Ä¶ https://t.co/KwCJ0N1K4Y,15
@BBCWorld,0.0,Thu Sep 27 18:20:21 +0000 2018,1.0,0.0,0.0,Brett Kavanaugh and Christine Blasey Ford hearing: Key takeaways so far https://t.co/3kCucL56wn,16
@BBCWorld,-0.5267,Thu Sep 27 18:19:37 +0000 2018,0.784,0.216,0.0,"RT @BBCJonSopel: Extraordinary end to questioning of #ChristinaBlaseyFord by Rachel Mitchell - the prosecutor arguing, in essence, what a t‚Ä¶",17
@BBCWorld,0.0,Thu Sep 27 17:44:41 +0000 2018,1.0,0.0,0.0,Kavanaugh hearing: #BelieveWomen v #BackBrett https://t.co/OrCUuXXWgH,18
@BBCWorld,-0.6908,Thu Sep 27 17:34:01 +0000 2018,0.81,0.19,0.0,"""I believed he was going to rape me""

Christine Blasey Ford tells Senate Judiciary Committee about the night of her‚Ä¶ https://t.co/DJLkX58cnB",19
@BBCWorld,0.0772,Thu Sep 27 17:23:57 +0000 2018,0.936,0.0,0.064,RT @BBCNorthAmerica: Are you watching the #KavanaughHearings? We want to know where you're watching and hear your thoughts. Comment belowüëá‚Ä¶,20
@BBCWorld,-0.6908,Thu Sep 27 17:06:19 +0000 2018,0.701,0.299,0.0,Infanticide in Kenya: 'I was told to kill my disabled baby' https://t.co/QZa9gcAcOS,21
@BBCWorld,-0.8402,Thu Sep 27 17:06:17 +0000 2018,0.357,0.643,0.0,Gay Zimbabwe teacher resigns after death threats https://t.co/DP3NjcHGPH,22
@BBCWorld,-0.5859,Thu Sep 27 16:55:51 +0000 2018,0.817,0.183,0.0,"Christine Blasey Ford tells Senate Judiciary Committee she took a polygraph test about the alleged sexual assault ""‚Ä¶ https://t.co/bYaa8LIj7h",23
@BBCWorld,-0.5994,Thu Sep 27 16:34:42 +0000 2018,0.642,0.358,0.0,Zimbabwe elephant tramples German tourist to death https://t.co/D9zU4pN5a1,24
@BBCWorld,0.5994,Thu Sep 27 16:20:17 +0000 2018,0.766,0.0,0.234,"""The uproarious laughter, and the multiple attempts to escape""

Christine Blasey Ford tells the Senate Judiciary Co‚Ä¶ https://t.co/wmPabsvG8S",25
@BBCWorld,0.0,Thu Sep 27 16:05:59 +0000 2018,1.0,0.0,0.0,"#KavanaughHearings: Follow live updates from the Senate Judiciary Committee hearing here

https://t.co/lKI0O1PScv https://t.co/ZZFle35Xno",26
@BBCWorld,0.0,Thu Sep 27 15:46:14 +0000 2018,1.0,0.0,0.0,Pakistan auctions off ex-PM Nawaz Sharif's buffaloes https://t.co/h82ACOnxQZ,27
@BBCWorld,-0.2617,Thu Sep 27 15:36:37 +0000 2018,0.845,0.155,0.0,"RT @awzurcher: The disjointed nature of the questioning makes it hard for this portion of the hearing to have any flow, but Ford talking ab‚Ä¶",28
@BBCWorld,-0.3182,Thu Sep 27 15:30:22 +0000 2018,0.744,0.158,0.098,"Christine Blasey Ford ""100%"" certain Brett Kavanaugh assaulted her, as she gives testimony at Senate Judiciary Comm‚Ä¶ https://t.co/xYv9luS26n",29
@BBCWorld,-0.6597,Thu Sep 27 15:23:16 +0000 2018,0.672,0.328,0.0,Jo Cox: Brussels square named after murdered UK MP https://t.co/21jx4DFKRM,30
@BBCWorld,0.7579,Thu Sep 27 15:20:48 +0000 2018,0.723,0.0,0.277,"""They were laughing with each other... having fun at my expense"" - Christine Blasey Ford gives testimony at Senate‚Ä¶ https://t.co/XSanE8GfRS",31
@BBCWorld,-0.8807,Thu Sep 27 15:09:09 +0000 2018,0.638,0.362,0.0,"""My family and I have been the target of constant harassment and death threats and I have been called the most vile‚Ä¶ https://t.co/jp3O7dklRt",32
@BBCWorld,0.7169,Thu Sep 27 15:07:17 +0000 2018,0.8,0.0,0.2,"RT @PhilippaBBC: ""How are you so sure that it was he?"" Democrat Feinstein asks. ""As sure as I am now that I'm talking to you"" replies Chris‚Ä¶",33
@BBCWorld,0.0,Thu Sep 27 15:02:04 +0000 2018,1.0,0.0,0.0,Boy with autism dresses as T.rex for family photos https://t.co/NLxjk3VGqm,34
@BBCWorld,0.4019,Thu Sep 27 15:00:53 +0000 2018,0.87,0.0,0.13,"""I have experienced an outpouring of support from people in every state of this country"" - Christine Blasey Ford‚Ä¶ https://t.co/mJ6xzw3J7k",35
@BBCWorld,-0.1027,Thu Sep 27 14:57:42 +0000 2018,0.938,0.062,0.0,"RT @awzurcher: Now, Rachel Mitchell is questioning Christine Blasey Ford. She‚Äôs doing this at the behest of the Republicans on the committe‚Ä¶",36
@BBCWorld,0.0,Thu Sep 27 14:52:23 +0000 2018,1.0,0.0,0.0,"""I thought it was my civic duty to relay the information I had about Mr Kavanaugh's conduct"" - Christine Blasey For‚Ä¶ https://t.co/KIGWNl3PrS",37
@BBCWorld,-0.5859,Thu Sep 27 14:45:24 +0000 2018,0.798,0.202,0.0,"""Brett's assault on me drastically altered my life for a very long time"" - Christine Blasey Ford‚Ä¶ https://t.co/FQtneCtjxN",38
@BBCWorld,0.0,Thu Sep 27 14:40:49 +0000 2018,1.0,0.0,0.0,RT @awzurcher: Christine Blasey Ford released her opening statement yesterday evening. It‚Äôs one thing to read it. It‚Äôs another to hear it i‚Ä¶,39
@BBCWorld,-0.6395,Thu Sep 27 14:40:29 +0000 2018,0.821,0.179,0.0,"RT @BBCBreaking: ""I am here today not because I want to be. I am terrified. I am here because I believe it is my civic duty to tell you wha‚Ä¶",40
@BBCWorld,0.0,Thu Sep 27 14:25:32 +0000 2018,1.0,0.0,0.0,"Follow #KavanaughHearings latest

https://t.co/7KPZYQXVPh https://t.co/LKHJSdqnpX",41
@BBCWorld,0.0,Thu Sep 27 14:19:30 +0000 2018,1.0,0.0,0.0,"RT @awzurcher: Very telling that the chair of the committee, Republican Chuck Grassley, is spending much of his opening statement defending‚Ä¶",42
@BBCWorld,0.34,Thu Sep 27 14:12:42 +0000 2018,0.637,0.123,0.24,"RT @BBCJonSopel: Excellent start from @ChuckGrassley, apologising to both #JudgeKavanaugh and #ChristineBlaseyFord for the appalling 'vile‚Ä¶",43
@BBCWorld,0.0,Thu Sep 27 14:11:40 +0000 2018,1.0,0.0,0.0,"The #KavanaughHearings have begun, watch the latest developments

https://t.co/9rPl3Q44e4",44
@BBCWorld,0.0,Thu Sep 27 13:45:58 +0000 2018,1.0,0.0,0.0,"#KavanaughHearings

Follow live updates as US senators prepare to hear testimony from Christine Blasey Ford &amp; Brett‚Ä¶ https://t.co/rPO6h7iZU6",45
@BBCWorld,0.0,Thu Sep 27 13:23:31 +0000 2018,1.0,0.0,0.0,"RT @BBCSport: Germany will host Euro 2024.

LIVEüëâhttps://t.co/bt2TAIkbep
#bbcfootball #Euro2024 https://t.co/tXSwtj7G7q",46
@BBCWorld,-0.296,Thu Sep 27 13:05:13 +0000 2018,0.864,0.136,0.0,China #MeToo: Why one woman is being sued by the TV star she accused https://t.co/znRIjKO1ch,47
@BBCWorld,0.4939,Thu Sep 27 12:35:32 +0000 2018,0.686,0.0,0.314,"Ethiopia's Meskel festival: Bonfires, robes and crosses https://t.co/c5WPJr25vM",48
@BBCWorld,-0.7783,Thu Sep 27 12:00:23 +0000 2018,0.507,0.493,0.0,Police chief stabbed to death in southern France https://t.co/f9PbGKaSEX,49
@BBCWorld,-0.5859,Thu Sep 27 11:23:19 +0000 2018,0.743,0.257,0.0,Brett Kavanaugh nomination: US senators to hear crucial sex assault testimony https://t.co/mSralP8AlZ,50
@BBCWorld,-0.3182,Thu Sep 27 11:22:45 +0000 2018,0.827,0.173,0.0,Argentina phone: Boy appeals for lost device with photos of mother https://t.co/2J1KwkKneU,51
@BBCWorld,0.0,Thu Sep 27 11:22:37 +0000 2018,1.0,0.0,0.0,Elton John and 'Mr Kurd': Five Trump briefing highlights https://t.co/qaEYDyftUw,52
@BBCWorld,0.0,Thu Sep 27 11:08:46 +0000 2018,1.0,0.0,0.0,"New asteroid #ryugu rover images released 

https://t.co/JZXliLl77h",53
@BBCWorld,-0.3182,Thu Sep 27 10:59:06 +0000 2018,0.777,0.223,0.0,Iran city mocked for billboard featuring Israeli soldiers https://t.co/8f3wMR5bty,54
@BBCWorld,-0.6705,Thu Sep 27 10:49:24 +0000 2018,0.593,0.407,0.0,Italy budget under pressure over plan to 'abolish poverty' https://t.co/xKCAmFyIGg,55
@BBCWorld,-0.5256,Thu Sep 27 10:37:26 +0000 2018,0.78,0.22,0.0,RT @bbcstories: This is the world's most dangerous city to be a woman. https://t.co/G3DxxhkBIG,56
@BBCWorld,0.5267,Thu Sep 27 10:29:47 +0000 2018,0.848,0.0,0.152,"RT @BBCSport: Uefa has confirmed that VAR will be used in the Champions League from next season
üëâ https://t.co/9T2pCom39T 
 #UCL https://t.‚Ä¶",57
@BBCWorld,0.5267,Thu Sep 27 10:29:09 +0000 2018,0.861,0.0,0.139,"RT @richard_conway: UEFA announce video assistant referee (VAR) will be used in the Champions League from next season onwards.
Also plans t‚Ä¶",58
@BBCWorld,0.0,Thu Sep 27 10:15:21 +0000 2018,1.0,0.0,0.0,üòÆ https://t.co/3LN9lPXvqB,59
@BBCWorld,0.0,Thu Sep 27 10:13:39 +0000 2018,1.0,0.0,0.0,"Chile unveils Patagonian Route of Parks hiking trail ‚õ∞Ô∏è

https://t.co/FnxQ6uSsVJ",60
@BBCWorld,-0.6597,Thu Sep 27 10:12:32 +0000 2018,0.597,0.403,0.0,"Gaza's humanitarian situation worsens amid a lack of resources 

https://t.co/duHDjIocRe https://t.co/OSUvSmceYH",61
@BBCWorld,0.0,Thu Sep 27 10:08:53 +0000 2018,1.0,0.0,0.0,Gaelic football club sinkholes 'caused by mine work' https://t.co/lrbGne2j70,62
@BBCWorld,0.0,Thu Sep 27 09:35:25 +0000 2018,1.0,0.0,0.0,"RT @BBCNews: ""We've been swimming with turtles, we've done surfing, we've hiked mountains""

Rosie Charles was 16 when she had her daughter‚Ä¶",63
@BBCWorld,0.0,Thu Sep 27 09:15:05 +0000 2018,1.0,0.0,0.0,Why does Nigeria keep flooding? https://t.co/iewgqdy4Am,64
@BBCWorld,-0.5859,Thu Sep 27 08:39:17 +0000 2018,0.678,0.322,0.0,Kavanaugh accuser says alleged assault 'altered my life' https://t.co/JKiwBGWgPd,65
@BBCWorld,0.25,Thu Sep 27 07:16:44 +0000 2018,0.917,0.0,0.083,"RT @BBCSport: The US has the superstars, the young guns, the majors and the money. 

Europe has the outside chance.

Here's @tomfordyce's #‚Ä¶",66
@BBCWorld,0.25,Thu Sep 27 07:13:17 +0000 2018,0.872,0.047,0.081,RT @SallyBundockBBC: Are they trying too hard? Are you excited by VR or do you think those who have poured money in to it will be paying a‚Ä¶,67
@BBCWorld,0.296,Thu Sep 27 07:12:52 +0000 2018,0.905,0.0,0.095,RT @PhilippaBBC: A momentous day for US politics. I‚Äôll be bringing you the #BrettKavanaugh hearings on ‚Å¶@BBCWorld‚Å© - do join us to hear for‚Ä¶,68
@BBCWorld,0.0,Thu Sep 27 07:12:46 +0000 2018,1.0,0.0,0.0,RT @marklowen: #Erdogan arrives in #Germany today for 1st state visit as President. Attempt to rebuild bridges after slamming German govt a‚Ä¶,69
@BBCWorld,-0.2263,Thu Sep 27 06:39:41 +0000 2018,0.853,0.147,0.0,Man stopped by police after running after plane at Dublin Airport https://t.co/UJcs188Z7h,70
@BBCWorld,-0.6908,Thu Sep 27 05:46:14 +0000 2018,0.467,0.533,0.0,Adultery no longer a crime in India https://t.co/TBYEcde5sz,71
@BBCWorld,0.4215,Thu Sep 27 05:35:24 +0000 2018,0.797,0.0,0.203,Abhilash Tomy: Rescued Indian speaks of ordeal in middle of ocean https://t.co/s2x9nhigFi,72
@BBCWorld,-0.7003,Thu Sep 27 04:09:05 +0000 2018,0.58,0.42,0.0,Venezuela crisis: Maduro willing to 'shake hands' with Trump https://t.co/7o2Dysx9ex,73
@BBCWorld,-0.3182,Thu Sep 27 02:15:30 +0000 2018,0.777,0.223,0.0,ABC chair resigns over Australian political interference claims https://t.co/DhWQQwBdVY,74
@BBCWorld,0.5574,Wed Sep 26 23:35:30 +0000 2018,0.69,0.0,0.31,Brett Kavanaugh: The supreme showdown for Trump's America https://t.co/eVvptJGZZk,75
@BBCWorld,-0.7184,Wed Sep 26 23:27:48 +0000 2018,0.538,0.462,0.0,On the trail of Uganda's illegal 'beauty-cream' smugglers https://t.co/vs5rjZHDZ1,76
@BBCWorld,-0.4767,Wed Sep 26 23:15:50 +0000 2018,0.594,0.406,0.0,Norway backs down in child protection scandal https://t.co/hu0KIgHXNk,77
@BBCWorld,0.0,Wed Sep 26 22:56:22 +0000 2018,1.0,0.0,0.0,Nafta: Donald Trump says US 'not getting along' with Canada https://t.co/a27tkq8b2e,78
@BBCWorld,0.5574,Wed Sep 26 22:11:19 +0000 2018,0.69,0.0,0.31,Brett Kavanaugh: Who are Supreme Court nominee's accusers? https://t.co/1SfEnqUHvP,79
@BBCWorld,0.0,Wed Sep 26 21:59:45 +0000 2018,1.0,0.0,0.0,Brett Kavanaugh: The nomination and the allegations in 300 words https://t.co/WvaSECQfJz,80
@BBCWorld,0.0,Wed Sep 26 21:57:22 +0000 2018,1.0,0.0,0.0,"Seal slaps man with octopus. Need we say more? üêô

(Tap to expand) https://t.co/yxubaavOOh",81
@BBCWorld,-0.5423,Wed Sep 26 21:37:10 +0000 2018,0.844,0.156,0.0,"George Washington ""may have had a bad past... didn't he have a couple of things in his past?"" - Donald Trump questi‚Ä¶ https://t.co/St7O44deQQ",82
@BBCWorld,0.1531,Wed Sep 26 21:23:09 +0000 2018,0.922,0.0,0.078,"""What does he mean by that?""

US President Donald Trump fires back after a male journalist suggests he invite a fem‚Ä¶ https://t.co/IoxXn5rQ1P",83
@BBCWorld,0.0,Wed Sep 26 21:01:38 +0000 2018,1.0,0.0,0.0,"Child-killer's transfer to 'healing lodge' under review, says Canadian PM Justin Trudeau https://t.co/hJBDYJ0cPZ",84
@BBCWorld,-0.4019,Wed Sep 26 20:40:49 +0000 2018,0.748,0.252,0.0,Pussy Riot's Pyotr Verzilov blames Russia for 'poisoning' https://t.co/9cbHGKRU8t,85
@BBCWorld,-0.4767,Wed Sep 26 20:20:37 +0000 2018,0.744,0.256,0.0,Hang White People: French rap song suspended from YouTube https://t.co/EwdRuWRYMq,86
@BBCWorld,-0.5256,Wed Sep 26 19:56:14 +0000 2018,0.805,0.195,0.0,"Migrant crossings from Libya to Europe have become more dangerous

(Tap to expand)

https://t.co/zAKmhQrlsQ https://t.co/ecQPjilAqR",87
@BBCWorld,0.0,Wed Sep 26 18:02:11 +0000 2018,1.0,0.0,0.0,Bees in South African plane's engine delays flights https://t.co/JZWTXyAAiv,88
@BBCWorld,-0.5423,Wed Sep 26 17:36:51 +0000 2018,0.609,0.391,0.0,Canada woman loses snoring row complaint with neighbours https://t.co/Ogd9AiUD3R,89
@BBCWorld,0.7579,Wed Sep 26 17:33:35 +0000 2018,0.519,0.0,0.481,Trump: Two-state Middle East solution would work best https://t.co/oQBiG77bde,90
@BBCWorld,0.5574,Wed Sep 26 17:17:05 +0000 2018,0.69,0.0,0.31,Supreme Court nominee says new misconduct claim 'ridiculous' https://t.co/g8Mnk9rC1H,91
@BBCWorld,-0.5255,Wed Sep 26 17:16:37 +0000 2018,0.793,0.207,0.0,"Snack attack!

Rapper Lil Xan hospitalised after eating 'too many Hot Cheetos' https://t.co/DkQpU1N6yt https://t.co/2QQGLZZRHz",92
@BBCWorld,-0.7351,Wed Sep 26 16:35:13 +0000 2018,0.744,0.256,0.0,RT @BBCBreaking: The real identity of one of the Salisbury Novichock poisoning suspects is revealed by an investigative website https://t.c‚Ä¶,93
@BBCWorld,0.4215,Wed Sep 26 16:27:06 +0000 2018,0.714,0.0,0.286,Danish policewoman investigated for hugging niqab-wearing protester https://t.co/5ZUm5xZz2n,94
@BBCWorld,0.0258,Wed Sep 26 16:12:50 +0000 2018,0.879,0.0,0.121,"Trump seeks UN backing for Iran nuclear sanctions
https://t.co/UYpSrj2Uvx",95
@BBCWorld,-0.3182,Wed Sep 26 16:00:42 +0000 2018,0.723,0.277,0.0,Trugo: A bizarre sport unique to Melbourne https://t.co/VV3TTl6pRE,96
@BBCWorld,-0.296,Wed Sep 26 15:56:39 +0000 2018,0.738,0.262,0.0,Texas backs school that expelled girl over pledge of allegiance https://t.co/aPd6NzUJGa,97
@BBCWorld,0.34,Wed Sep 26 15:38:07 +0000 2018,0.888,0.0,0.112,"RT @BBCNews: Sanctions on North Korea ""must be strictly enforced by all"" - Theresa May addresses the UN Security Council

https://t.co/lbjL‚Ä¶",98
@BBCWorld,-0.9169,Wed Sep 26 15:02:46 +0000 2018,0.52,0.48,0.0,RT @danroan: FA child sex abuse inquiry: indefinite delay to independent review into FA‚Äôs gravest ever crisis https://t.co/bDZSrE09P3,99
@BBCWorld,-0.34,Wed Sep 26 14:58:51 +0000 2018,0.714,0.286,0.0,Trump accuses China of poll interference https://t.co/jQA5sLH5qH,100
@CBSNews,0.0,Thu Sep 27 21:20:07 +0000 2018,1.0,0.0,0.0,"""What do you consider too many beers?"" Prosecutor Rachel Mitchell asks.
""You know -- whatever the chart says."" Bret‚Ä¶ https://t.co/n4bim2H8eQ",1
@CBSNews,0.0854,Thu Sep 27 21:18:52 +0000 2018,0.829,0.079,0.092,"RT @CBSEveningNews: Sen. John Cornyn (R-TX): ""You are not guilty because somebody makes an accusation against you in this country. We are n‚Ä¶",2
@CBSNews,0.0,Thu Sep 27 21:14:03 +0000 2018,1.0,0.0,0.0,"Sen. Amy Klobuchar asks Brett Kavanaugh if he has ever blacked out from drinking, and he turns the question back on‚Ä¶ https://t.co/ncU6jdwlSk",3
@CBSNews,-0.7245,Thu Sep 27 21:05:30 +0000 2018,0.758,0.242,0.0,"RT @CBSEveningNews: Sen. Cornyn: ""I can't think of a more embarrassing scandal for the Senate since the McCarthy hearings. When the comment‚Ä¶",4
@CBSNews,0.0,Thu Sep 27 21:02:15 +0000 2018,1.0,0.0,0.0,"Kavanaugh tells Congress, ""I'm never going to get my reputation back. My life is totally and permanently altered.""‚Ä¶ https://t.co/ZRljkgnWni",5
@CBSNews,0.34,Thu Sep 27 20:59:45 +0000 2018,0.876,0.0,0.124,"Before Congress Thursday, Brett Kavanaugh continued his insistence that he is innocent of Dr. Blasey Ford's allegat‚Ä¶ https://t.co/NO7ELC1KH0",6
@CBSNews,-0.7906,Thu Sep 27 20:54:58 +0000 2018,0.625,0.312,0.062,Sen. Lindsey Graham launches into furious defense of Kavanaugh and condemnation of how Democrats handled the allega‚Ä¶ https://t.co/vEaRSBG2Rs,7
@CBSNews,0.128,Thu Sep 27 20:49:07 +0000 2018,0.69,0.126,0.184,"""I am innocent. I'm innocent of the charge.""

Brett Kavanaugh and Sen. Dick Durbin get into heated exchange about w‚Ä¶ https://t.co/BCt197TX9Y",8
@CBSNews,-0.1531,Thu Sep 27 20:40:39 +0000 2018,0.698,0.143,0.159,"Kavanaugh says crude jokes on his yearbook page were a ""farce"" agreed upon by students and editors: ""If we wanted t‚Ä¶ https://t.co/66XsPaDi8X",9
@CBSNews,0.128,Thu Sep 27 20:39:11 +0000 2018,0.786,0.096,0.118,"Sen. Patrick Leahy: ""Are you Bart O'Kavanaugh, that he‚Äôs referring to? Yes or no. That‚Äôs it.""

Brett Kavanaugh: ""Yo‚Ä¶ https://t.co/ivaKO974am",10
@CBSNews,-0.4767,Thu Sep 27 20:25:32 +0000 2018,0.83,0.17,0.0,"Donald Trump Jr. mocks Christine Blasey Ford over her ""selective fear of flying"": ""Can‚Äôt do it to testify but for v‚Ä¶ https://t.co/n1b518APF1",11
@CBSNews,0.3182,Thu Sep 27 20:20:00 +0000 2018,0.887,0.0,0.113,Brett Kavanuagh breaks down while talking about how his 10-year-old daughter wanted to pray for Dr. Blasey Ford.‚Ä¶ https://t.co/by3kmiNorO,12
@CBSNews,-0.6124,Thu Sep 27 20:11:27 +0000 2018,0.63,0.264,0.106,"Kavanaugh says the accusation from Julie Swetnick about parties involving gang rape is ""a joke.""

""That is a farce.‚Ä¶ https://t.co/8oKeGGw10k",13
@CBSNews,0.0,Thu Sep 27 20:11:11 +0000 2018,1.0,0.0,0.0,"Rachel Mitchell: ‚ÄúWhat do you consider to be too¬†many beers?‚Äù¬†

Brett Kavanaugh: ‚ÄúI don't know.¬†Whatever the chart‚Ä¶ https://t.co/gE0YNEanyg",14
@CBSNews,0.0,Thu Sep 27 20:06:51 +0000 2018,1.0,0.0,0.0,Kavanaugh says he would participate in an FBI investigation if the committee pursues one and tells Sen. Dianne Fein‚Ä¶ https://t.co/CErhTvCcZ5,15
@CBSNews,-0.4939,Thu Sep 27 20:04:17 +0000 2018,0.824,0.176,0.0,"""This confirmation process has become a national disgrace ... A Democratic senator on this committee publicly refer‚Ä¶ https://t.co/eVYzrvyjH6",16
@CBSNews,0.0,Thu Sep 27 20:04:00 +0000 2018,1.0,0.0,0.0,RT @CBSThisMorning: CBS News has learned that Dr. Blasey Ford is not watching Kavanaugh's testimony #KavanaughHearings https://t.co/wfD6gbX‚Ä¶,17
@CBSNews,0.4019,Thu Sep 27 20:02:03 +0000 2018,0.821,0.0,0.179,"RT @CBSEveningNews: Brett Kavanaugh: ""When I accepted the president's nomination, Ashley and I knew this process would be challenging. We n‚Ä¶",18
@CBSNews,-0.6369,Thu Sep 27 20:01:17 +0000 2018,0.754,0.246,0.0,"‚ÄúMy family and I intend no ill will toward Dr. Ford or her family. But, I swear today under oath before the Senate‚Ä¶ https://t.co/8plUTQXHpq",19
@CBSNews,-0.4588,Thu Sep 27 19:59:20 +0000 2018,0.875,0.125,0.0,"Kavanaugh says the way his allegation was handled abandoned fairness and due process. ""I ask you to judge me by the‚Ä¶ https://t.co/PhGSiBIYI2",20
@CBSNews,0.4767,Thu Sep 27 19:51:05 +0000 2018,0.866,0.0,0.134,"RT @CBSEveningNews: Brett Kavanaugh: ""I drank beer with my friends. Almost everyone did. Sometimes I had too many beers. Sometimes others d‚Ä¶",21
@CBSNews,-0.4215,Thu Sep 27 19:49:32 +0000 2018,0.877,0.123,0.0,"Kavanaugh says he didn't have sex until years after high school and sometimes felt insecure about it. ""In some crow‚Ä¶ https://t.co/RIgvE3K1Bp",22
@CBSNews,0.0,Thu Sep 27 19:45:42 +0000 2018,1.0,0.0,0.0,"Brett Kavanaugh addresses why church was not listed on his calendars in the '80s, saying ‚ÄúGoing to church on Sunday‚Ä¶ https://t.co/qomBnp7Z3g",23
@CBSNews,0.0,Thu Sep 27 19:44:13 +0000 2018,1.0,0.0,0.0,"Kavanaugh says that, from his youth to today, he has ""always had a lot of close female friends""‚Ä¶ https://t.co/rBJm80Upk5",24
@CBSNews,0.5859,Thu Sep 27 19:38:25 +0000 2018,0.798,0.0,0.202,Kavanaugh gets emotional and takes time to collect himself while saying he was inspired by his father's habit of ke‚Ä¶ https://t.co/Nd7msz6iA8,25
@CBSNews,0.4019,Thu Sep 27 19:32:45 +0000 2018,0.891,0.0,0.109,"Kavanaugh: ""All of the people identified by Dr. Ford as being present at the party have said they do not remember a‚Ä¶ https://t.co/YGGcvuw57J",26
@CBSNews,0.4168,Thu Sep 27 19:31:14 +0000 2018,0.883,0.0,0.117,"RT @CBSEveningNews: ""I'm here today to tell the truth,"" Brett Kavanaugh says. ""I have never sexually assaulted anyone, not in high school,‚Ä¶",27
@CBSNews,0.1779,Thu Sep 27 19:29:56 +0000 2018,0.922,0.0,0.078,"RT @CBSEveningNews: Kavanaugh: ""This is a circus. The consequences will extend long past my nomination. The consequences will be with us fo‚Ä¶",28
@CBSNews,-0.8689,Thu Sep 27 19:29:01 +0000 2018,0.683,0.317,0.0,‚ÄúA Democratic senator on this committee publicly referred to me as evil. Evil. Think about that word. And said that‚Ä¶ https://t.co/6B3fHxD28o,29
@CBSNews,-0.128,Thu Sep 27 19:27:58 +0000 2018,0.744,0.14,0.116,"Kavanaugh chokes up recalling how his 10-year-old daughter showed sympathy toward Dr. Blasey Ford the other night,‚Ä¶ https://t.co/qPx7eXuBYr",30
@CBSNews,-0.6369,Thu Sep 27 19:23:57 +0000 2018,0.776,0.224,0.0,"Brett Kavanaugh warns about ""consequences"" that will be felt for decades after the handling of the sexual assault a‚Ä¶ https://t.co/BOrzY8ju0s",31
@CBSNews,0.0,Thu Sep 27 19:20:29 +0000 2018,1.0,0.0,0.0,"In stark contrast to her demeanor before the break, prosecutor Rachel Mitchell turned up the heat on Dr. Blasey For‚Ä¶ https://t.co/LfBqzOCOQA",32
@CBSNews,0.4767,Thu Sep 27 19:19:57 +0000 2018,0.86,0.0,0.14,"""Think about that fact"": Kavanaugh quotes a letter from an attorney for one of Ford's friends who said she doesn't‚Ä¶ https://t.co/7uC3hmdz1V",33
@CBSNews,0.0,Thu Sep 27 19:18:42 +0000 2018,1.0,0.0,0.0,"""Listen to the people I know. Listen to the people who've known me my whole life,"" Brett Kavanaugh says at the open‚Ä¶ https://t.co/lCO4C8oBe7",34
@CBSNews,-0.5994,Thu Sep 27 19:15:33 +0000 2018,0.766,0.234,0.0,"Brett Kavanaugh begins his testimony by repeating his denials of Christine Blasey Ford's accusation: ""I denied the‚Ä¶ https://t.co/oLYn1i0kQN",35
@CBSNews,0.5574,Thu Sep 27 19:09:49 +0000 2018,0.847,0.0,0.153,It's Brett Kavanaugh's turn now to defend his name. WATCH LIVE on CBSN as the Supreme Court nominee testifies befor‚Ä¶ https://t.co/PkTJ8G0XPf,36
@CBSNews,0.0,Thu Sep 27 19:00:13 +0000 2018,1.0,0.0,0.0,"Addressing Dr. Christine Blasey Ford Thursday Sen. Cory Booker says, ""How we deal with survivors who come forward r‚Ä¶ https://t.co/uYGJqZoQfU",37
@CBSNews,-0.3612,Thu Sep 27 18:58:58 +0000 2018,0.878,0.122,0.0,"""I didn‚Äôt find her allegations to be corroborated against Mr. Kavanaugh,"" Senator Graham says. ""I don‚Äôt doubt somet‚Ä¶ https://t.co/NWKJBPsRqu",38
@CBSNews,0.0,Thu Sep 27 18:36:31 +0000 2018,1.0,0.0,0.0,"""She can't tell us how she got home or how she got there. And that's the facts I'm left with,"" Senator Lindsey Grah‚Ä¶ https://t.co/R2STaGey3d",39
@CBSNews,-0.25,Thu Sep 27 18:32:10 +0000 2018,0.905,0.095,0.0,"Sen. Lindsey Graham questions the calls for an FBI investigation into Kavanaugh accusation: ""The FBI is going to te‚Ä¶ https://t.co/eKPN8ODeyn",40
@CBSNews,-0.2263,Thu Sep 27 18:29:49 +0000 2018,0.894,0.106,0.0,President Trump has delayed his much-anticipated meeting with Deputy Attorney General Rod Rosenstein until next wee‚Ä¶ https://t.co/q4XDEzcPbx,41
@CBSNews,0.0,Thu Sep 27 18:11:10 +0000 2018,1.0,0.0,0.0,"BREAKING: A body ""believed to be"" 6-year-old Maddox Ritch has been found in Gastonia, North Carolina, according to‚Ä¶ https://t.co/wIHcayVyj3",42
@CBSNews,-0.2732,Thu Sep 27 18:05:25 +0000 2018,0.756,0.147,0.098,"""The president admits on tape to assaulting women. He separates children from their parents... he nominates and sta‚Ä¶ https://t.co/BC59f5MuWo",43
@CBSNews,0.4019,Thu Sep 27 18:04:33 +0000 2018,0.87,0.0,0.13,"Christine Blasey Ford does not say if anything ""inappropriate"" happened at other parties she and Brett Kavanaugh at‚Ä¶ https://t.co/EtcBrqdtvL",44
@CBSNews,0.4404,Thu Sep 27 18:04:31 +0000 2018,0.861,0.0,0.139,"""I don't think he's a Bill Cosby, I think he's a good decent guy"": Sen. Lindsey Graham defended Brett Kavanaugh aga‚Ä¶ https://t.co/XNT8KJF0sv",45
@CBSNews,0.0,Thu Sep 27 17:56:18 +0000 2018,1.0,0.0,0.0,"Sen. Cory Booker tells Christine Blasey Ford: ""How we deal with survivors who come forward right now is unacceptabl‚Ä¶ https://t.co/K4SxQcPuYI",46
@CBSNews,0.0,Thu Sep 27 17:48:50 +0000 2018,1.0,0.0,0.0,"Blasey Ford's lawyers try to settle questions about who paid for her polygraph test:
""Let me put an end to this mys‚Ä¶ https://t.co/C1VxK2XrHg",47
@CBSNews,0.6998,Thu Sep 27 17:44:58 +0000 2018,0.642,0.081,0.277,"""If we agree on nothing else today, I hope on a bipartisan basis, we can agree on how much courage it has taken for‚Ä¶ https://t.co/kCqHHR4bWy",48
@CBSNews,-0.6369,Thu Sep 27 17:42:28 +0000 2018,0.609,0.287,0.104,"Christine Blasey Ford denies that she has a ""political motivation"" for coming forward with sexual assault allegatio‚Ä¶ https://t.co/GDaUMLEjDP",49
@CBSNews,-0.6908,Thu Sep 27 17:30:01 +0000 2018,0.648,0.271,0.081,"Sen. Dick Durbin: ""Dr. Ford, with what degree of certainty do you believe Brett Kavanaugh assaulted you?""

Christin‚Ä¶ https://t.co/iJ1ulZhFA1",50
@CBSNews,-0.1531,Thu Sep 27 17:24:32 +0000 2018,0.65,0.19,0.16,"Christine Blasey Ford says she remembers ""uproarious laughter"" during alleged assault by Brett Kavanaugh‚Ä¶ https://t.co/kVUhf0zHdM",51
@CBSNews,-0.25,Thu Sep 27 17:16:20 +0000 2018,0.909,0.091,0.0,Dr. Blasey Ford did not mince words when asked to address the people who believe her accusation against Brett Kavan‚Ä¶ https://t.co/MNO9qql29F,52
@CBSNews,-0.0572,Thu Sep 27 17:05:11 +0000 2018,0.95,0.05,0.0,"""I did not want to tell my parents that I, at age 15, was in a house without any parents present, drinking beer wit‚Ä¶ https://t.co/EU9Cy9tKMc",53
@CBSNews,-0.34,Thu Sep 27 16:44:49 +0000 2018,0.735,0.167,0.098,"""Dr. Ford, with what degree of certainty do you believe Brett Kavanaugh assaulted you?

""100 percent.""‚Ä¶ https://t.co/83Ope7STRg",54
@CBSNews,0.4215,Thu Sep 27 16:41:32 +0000 2018,0.859,0.0,0.141,"""I have found your testimony powerful and credible and I believe you""

Sen. Richard Blumenthal tells Christine Blas‚Ä¶ https://t.co/EMTMdahdqt",55
@CBSNews,0.3818,Thu Sep 27 16:36:38 +0000 2018,0.885,0.0,0.115,"Senator Klobuchar to Dr. Blasey Ford: ""Many people are focused today on what you're not able to remember about that‚Ä¶ https://t.co/DB8umvtSan",56
@CBSNews,0.3612,Thu Sep 27 16:31:36 +0000 2018,0.889,0.0,0.111,"""For so many years, people swept cases like yours under the rug. They would say, 'What happens inside a house didn'‚Ä¶ https://t.co/DgOMP6ATVh",57
@CBSNews,-0.34,Thu Sep 27 16:21:40 +0000 2018,0.882,0.118,0.0,"Who does Sen. Whitehouse blame for the FBI not investigating these Kavanaugh allegations? ""13 men, the president, d‚Ä¶ https://t.co/JD94Qoxpxj",58
@CBSNews,0.4939,Thu Sep 27 16:20:02 +0000 2018,0.842,0.0,0.158,"-You were the object of their laughter?
-I was underneath one of them while the two laughed.‚Ä¶ https://t.co/pP2SJE97bF",59
@CBSNews,0.0,Thu Sep 27 16:11:03 +0000 2018,1.0,0.0,0.0,"Senator Durbin slams Republicans while addressing Dr. Blasey Ford: ""The fact that you're testifying here today, ter‚Ä¶ https://t.co/2XPfXgz4Jb",60
@CBSNews,0.0,Thu Sep 27 16:04:47 +0000 2018,1.0,0.0,0.0,"Senator Leahy: Dr. Ford, I'll just conclude with this: you do remember what happened, do you not?

Dr. Blasey Ford:‚Ä¶ https://t.co/rf1sVihBzt",61
@CBSNews,-0.101,Thu Sep 27 16:04:13 +0000 2018,0.938,0.062,0.0,"In one of the most chilling moments on Capitol Hill today, Dr. Blasey Ford alleged that Brett Kavanaugh and his fri‚Ä¶ https://t.co/KvzaqBPK4m",62
@CBSNews,0.8555,Thu Sep 27 15:58:13 +0000 2018,0.644,0.0,0.356,"""Bravery is contagious,"" Senator Patrick Leahy praises Dr. Blasey Ford. ""You sharing your story is going to have a‚Ä¶ https://t.co/ymjUNOGgcC",63
@CBSNews,0.7169,Thu Sep 27 15:51:28 +0000 2018,0.778,0.0,0.222,"Senator Feinstein: How are you so sure that it was [Kavanaugh]?

Dr. Blasey Ford: The same way that I'm sure that I‚Ä¶ https://t.co/Eg2kMVBVSn",64
@CBSNews,-0.34,Thu Sep 27 15:42:56 +0000 2018,0.87,0.13,0.0,"""I struggled academically,"" Dr. Blasey Ford says, describing the lasting impact of Brett Kavanaugh's alleged sexual‚Ä¶ https://t.co/nInffKzrq8",65
@CBSNews,0.0,Thu Sep 27 15:37:41 +0000 2018,1.0,0.0,0.0,"Senator Feinstein: Why have you held it to yourself all these years?

Dr. Blasey Ford: I haven't held it all these‚Ä¶ https://t.co/wcZBCPBpKH",66
@CBSNews,-0.3182,Thu Sep 27 15:31:35 +0000 2018,0.867,0.133,0.0,"Senator Grassley interrupts prosecutor Rachel Mitchell mid-question, citing 5-minute time limit and saying he needs‚Ä¶ https://t.co/ddHUnue6mK",67
@CBSNews,-0.4767,Thu Sep 27 15:26:06 +0000 2018,0.86,0.14,0.0,"Dr. Blasey Ford makes note of a correction in her testimony, saying she used the wrong word when using ""bystander.""‚Ä¶ https://t.co/c2UVI8EA82",68
@CBSNews,0.5718,Thu Sep 27 15:24:00 +0000 2018,0.788,0.05,0.162,"Before questioning begins, Senator Grassley asks if Dr. Blasey Ford wants to take a break, but she says, ""I'm OK, I‚Ä¶ https://t.co/tyjbQEQ1tx",69
@CBSNews,-0.296,Thu Sep 27 15:20:26 +0000 2018,0.913,0.087,0.0,"""I have been accused of acting out of partisan political motives and those who say that do not know me. I'm an inde‚Ä¶ https://t.co/t8XvSof582",70
@CBSNews,-0.7783,Thu Sep 27 15:19:50 +0000 2018,0.746,0.254,0.0,"""My family and I were forced to move out of our home... Apart from the assault, itself, these past couple of weeks‚Ä¶ https://t.co/qu0tL47IiU",71
@CBSNews,0.2263,Thu Sep 27 15:17:51 +0000 2018,0.797,0.084,0.12,"RT @CBSEveningNews: Blasey Ford: ""I was calculating daily that the risk benefit for me of coming forward and wondering whether I would just‚Ä¶",72
@CBSNews,0.5994,Thu Sep 27 15:16:45 +0000 2018,0.822,0.0,0.178,"""Persons painted him as a champion of women's rights and empowerment and I believed if I came forward, my single vo‚Ä¶ https://t.co/EO5BI7Eo6V",73
@CBSNews,0.0,Thu Sep 27 15:13:16 +0000 2018,1.0,0.0,0.0,"RT @CBSThisMorning: Why have you held it to yourself all these years?  As you look back, can you indicate what the reasons are? 

‚ÄúWell, I‚Ä¶",74
@CBSNews,0.5859,Thu Sep 27 15:13:06 +0000 2018,0.78,0.0,0.22,"""My hope was that providing the information confidentially would be sufficient to allow the Senate to consider Mr.‚Ä¶ https://t.co/sSpeCnetxq",75
@CBSNews,0.0,Thu Sep 27 15:10:04 +0000 2018,1.0,0.0,0.0,"""I called my congressional representative and let her receptionist know that someone on the president's shortlist h‚Ä¶ https://t.co/dlDSzgmsJM",76
@CBSNews,0.0,Thu Sep 27 15:03:15 +0000 2018,1.0,0.0,0.0,"""I was too afraid and ashamed."" Dr. Christine Blasey Ford explains why she didn't tell her parents of the sexual as‚Ä¶ https://t.co/fTVwIh06U8",77
@CBSNews,0.5574,Thu Sep 27 14:59:38 +0000 2018,0.805,0.0,0.195,"""I remembered being on the street and feeling an enormous sense of relief that I escaped that house and that Brett‚Ä¶ https://t.co/u4PJBIJ7ko",78
@CBSNews,0.5095,Thu Sep 27 14:56:08 +0000 2018,0.655,0.113,0.233,"""Both Brett and Mark were drunkenly laughing during the attack. They seemed to be having a very good time,"" Dr. Bla‚Ä¶ https://t.co/rlfIGvgQFX",79
@CBSNews,-0.8658,Thu Sep 27 14:55:16 +0000 2018,0.717,0.283,0.0,"""I believed he was going to rape me...This is what terrified me the most and has had the lasting impact on my life,‚Ä¶ https://t.co/P7wJ2CDl69",80
@CBSNews,0.0,Thu Sep 27 14:51:17 +0000 2018,1.0,0.0,0.0,"""Brett [Kavanaugh] and Mark [Judge] were visibly drunk... Brett and Mark came into the bedroom and locked the door‚Ä¶ https://t.co/gUqFei7LjG",81
@CBSNews,0.1695,Thu Sep 27 14:48:04 +0000 2018,0.926,0.0,0.074,"""The details about that night that bring me here today are the ones I will never forget. They have been seared into‚Ä¶ https://t.co/Bcf50FIBC9",82
@CBSNews,0.0,Thu Sep 27 14:43:38 +0000 2018,1.0,0.0,0.0,"Dr. Christine Blasey Ford explains she's not testifying because she wants to, but because ""it's her civic duty.""‚Ä¶ https://t.co/m6wLePBE4W",83
@CBSNews,0.0772,Thu Sep 27 14:38:27 +0000 2018,0.944,0.0,0.056,"""This is not a trial of Dr. Ford, it's a job interview for judge Kavanaugh. Is Brett Kavanaugh who we want on the m‚Ä¶ https://t.co/bsOGe8826D",84
@CBSNews,-0.7783,Thu Sep 27 14:33:32 +0000 2018,0.736,0.264,0.0,"""Too often, women's memories and credibility come under assault. In essence, they are put on trial and forced to de‚Ä¶ https://t.co/8oWPW4NVh2",85
@CBSNews,0.0,Thu Sep 27 14:27:34 +0000 2018,1.0,0.0,0.0,"Sen. Feinstein to Dr. Ford: Before you get to your testimony and the chairman chose not to do this, I think it's im‚Ä¶ https://t.co/wH61pTsPuQ",86
@CBSNews,0.0,Thu Sep 27 14:21:52 +0000 2018,1.0,0.0,0.0,"Senator Grassley quotes then-Senator Joe Biden during Anita Hill hearings, saying the ""FBI explicitly does not, in‚Ä¶ https://t.co/hUVU4Vt1Yd",87
@CBSNews,-0.7717,Thu Sep 27 14:12:35 +0000 2018,0.705,0.295,0.0,"""[Christine Blasey Ford and Brett Kavanaugh] and their families have received violent threats. What they have endur‚Ä¶ https://t.co/BSh8dr6BZV",88
@CBSNews,0.0,Thu Sep 27 14:09:37 +0000 2018,1.0,0.0,0.0,"Senator Chuck Grassley, Senate Judiciary Committee chairman, gives opening statement before testimonies from Dr. Ch‚Ä¶ https://t.co/dDo9j69wYJ",89
@CBSNews,0.0,Thu Sep 27 14:06:32 +0000 2018,1.0,0.0,0.0,NOW: Dr. Blasey Ford arrives to testify before the Senate Judiciary Committee. Watch the hearing on CBS News:‚Ä¶ https://t.co/91qXPStDgT,90
@CBSNews,0.0,Thu Sep 27 14:03:03 +0000 2018,1.0,0.0,0.0,"Rachel Mitchell, prosecutor hired by Senate Republicans to question Kavanaugh accuser Dr. Blasey Ford, arrives in t‚Ä¶ https://t.co/brtxL5lHm9",91
@CBSNews,0.4404,Thu Sep 27 13:40:33 +0000 2018,0.861,0.0,0.139,"RT @CBSThisMorning: ‚ÄúI don‚Äôt think he‚Äôs a Bill Cosby. I think he‚Äôs a good, decent guy.‚Äù  -- @LindseyGrahamSC on Brett Kavanaugh https://t.c‚Ä¶",92
@CBSNews,-0.25,Thu Sep 27 13:31:58 +0000 2018,0.909,0.091,0.0,"RT @CBSThisMorning: ""Here's what I'm looking for from [Dr.] Ford: I think the accusation #3 is complete garbage. I think the anonymous accu‚Ä¶",93
@CBSNews,-0.5106,Thu Sep 27 13:24:55 +0000 2018,0.852,0.148,0.0,"Sen. Dick Durbin says it's ""naive"" to believe that ""politics are not part of the equation"" after a sex-crimes prose‚Ä¶ https://t.co/W9Qb0QpPhx",94
@CBSNews,0.0,Thu Sep 27 13:10:51 +0000 2018,1.0,0.0,0.0,CBS News and CBSN are planning gavel-to-gavel coverage Thursday of the Senate Judiciary Committee hearings for Judg‚Ä¶ https://t.co/1EFCC8UIPv,95
@CBSNews,0.0,Thu Sep 27 12:54:37 +0000 2018,1.0,0.0,0.0,"Embattled Venezuelan President Nicolas Maduro showed up unexpectedly at the U.N. General Assembly to ""defend his co‚Ä¶ https://t.co/zayBSgEAcw",96
@CBSNews,0.0,Thu Sep 27 12:53:31 +0000 2018,1.0,0.0,0.0,RT @CBSThisMorning: NEW: Christine Blasey Ford‚Äôs husband will not be in attendance at today's hearings but is with the couple‚Äôs children in‚Ä¶,97
@CBSNews,-0.296,Thu Sep 27 12:40:46 +0000 2018,0.885,0.115,0.0,911 caller doesn't believe 6-year-old boy with autism was ever at park where he went missing https://t.co/dGjPkp0gQJ https://t.co/3kMYpTBWC2,98
@CBSNews,0.0,Thu Sep 27 12:35:56 +0000 2018,1.0,0.0,0.0,"RT @NorahODonnell: Are mentions of drinking and women in #Kavanaugh‚Äôs yearbook relevant? -@NorahODonnell

""We‚Äôre talking about an incident‚Ä¶",99
@CBSNews,-0.2411,Thu Sep 27 12:35:56 +0000 2018,0.918,0.082,0.0,"RT @CBSThisMorning: A new poll finds 42% of Americans are not sure who to believe, ahead of this morning‚Äôs testimony by Judge Brett Kavanau‚Ä¶",100
@CNN,0.0,Thu Sep 27 21:30:41 +0000 2018,1.0,0.0,0.0,"With Christine Blasey Ford, Republicans indicted themselves | By Frida Ghitis via @CNNOpinion‚Ä¶ https://t.co/YxYFpCdp5I",1
@CNN,0.0,Thu Sep 27 21:27:07 +0000 2018,1.0,0.0,0.0,The moments that defined Christine Blasey Ford's dramatic testimony https://t.co/Fzx8bvTl4J https://t.co/lrARm7TuVJ,2
@CNN,0.1779,Thu Sep 27 21:19:20 +0000 2018,0.634,0.19,0.176,GOP Sen. Lindsey Graham harshly criticized Democratic colleagues during questioning of Supreme Court nominee Brett‚Ä¶ https://t.co/AEeU2RCmz0,3
@CNN,0.0,Thu Sep 27 21:16:20 +0000 2018,1.0,0.0,0.0,"The remains must still be identified by the medical examiner's office, but authorities indicated they believe they‚Ä¶ https://t.co/SFXCtw9gBW",4
@CNN,-0.296,Thu Sep 27 21:13:56 +0000 2018,0.896,0.104,0.0,"The six-day search for Maddox Ritch, the 6-year-old boy with autism who went missing at a North Carolina park, ende‚Ä¶ https://t.co/lr1aub5KPO",5
@CNN,0.8442,Thu Sep 27 21:04:51 +0000 2018,0.627,0.0,0.373,‚ÄúI welcome whatever the committee wants to do because I'm telling the truth. ... I'm innocent. I‚Äôm innocent of this‚Ä¶ https://t.co/x8V2oRC1QO,6
@CNN,0.3818,Thu Sep 27 20:53:42 +0000 2018,0.741,0.093,0.167,Supreme Court nominee Brett Kavanaugh closes his opening statement with a denial of the accusation from Christine B‚Ä¶ https://t.co/pLBlP0gQHZ,7
@CNN,0.1531,Thu Sep 27 20:49:35 +0000 2018,0.932,0.0,0.068,"RT @CNNPolitics: Brett Kavanaugh gets emotional as he explains why he keeps calendars: ""I've kept such calendars, diaries for the last 38 y‚Ä¶",8
@CNN,0.5574,Thu Sep 27 20:47:28 +0000 2018,0.816,0.0,0.184,"""This confirmation process has become a national disgrace,"" Supreme Court nominee Brett Kavanaugh says as he testif‚Ä¶ https://t.co/Ilg3XyJ88H",9
@CNN,0.7189,Thu Sep 27 20:43:14 +0000 2018,0.727,0.0,0.273,"Supreme Court nominee Brett Kavanaugh: ""I will not be intimidated into withdrawing from this process. You've tried‚Ä¶ https://t.co/oln99yS1r5",10
@CNN,0.5574,Thu Sep 27 20:29:29 +0000 2018,0.825,0.0,0.175,"Supreme Court nominee Brett Kavanaugh testifies before the Senate Judiciary Committee: ""My family and my name have‚Ä¶ https://t.co/IQuS9tVJAE",11
@CNN,-0.4588,Thu Sep 27 19:59:17 +0000 2018,0.56,0.284,0.155,"Supreme Court nominee Brett Kavanaugh denies sexual assault allegations, saying that ""this confirmation process has‚Ä¶ https://t.co/bJQLd9qvMt",12
@CNN,-0.5859,Thu Sep 27 19:50:19 +0000 2018,0.826,0.174,0.0,Many listening to Christine Blasey Ford recount her story and allegations of sexual assault may find the testimony‚Ä¶ https://t.co/JxqnTvFc98,13
@CNN,0.7184,Thu Sep 27 19:30:09 +0000 2018,0.778,0.0,0.222,"RT @CNNnewsroom: ""It's not who I am. It is not who I was. I am innocent of this charge.‚Äù

President Trump‚Äôs Supreme Court nominee Brett Kav‚Ä¶",14
@CNN,0.7184,Thu Sep 27 19:28:54 +0000 2018,0.684,0.0,0.316,Supreme Court nominee Brett Kavanaugh is sworn in and giving his open statement https://t.co/btu7jRhCKF https://t.co/3pbhDTW9X4,15
@CNN,0.5574,Thu Sep 27 19:14:38 +0000 2018,0.816,0.0,0.184,"Supreme Court nominee Brett Kavanaugh is testifying before the Senate Judiciary Committee. Christine Blasey Ford, w‚Ä¶ https://t.co/mlpWtxeVyS",16
@CNN,0.0,Thu Sep 27 19:07:59 +0000 2018,1.0,0.0,0.0,"Watch CNN's continued coverage of today‚Äôs Kavanaugh-Ford hearing at¬†https://t.co/9eyGMgsaH6¬†on your desktop, smartp‚Ä¶ https://t.co/iJrFITZtEi",17
@CNN,-0.8123,Thu Sep 27 19:01:47 +0000 2018,0.694,0.306,0.0,"""It's not great. ... But we're stuck with it."" Sen. John Cornyn expressed some frustration with the format of the S‚Ä¶ https://t.co/0rgFARFX33",18
@CNN,0.0,Thu Sep 27 18:50:26 +0000 2018,1.0,0.0,0.0,"Republicans look on as Rachel Mitchell, a Republican prosecutor from Arizona, questions Christine Blasey Ford on th‚Ä¶ https://t.co/a7qbB3YHV0",19
@CNN,0.0,Thu Sep 27 18:46:39 +0000 2018,1.0,0.0,0.0,The White House says President Trump's meeting with Deputy Attorney General Rod Rosenstein has been postponed‚Ä¶ https://t.co/yZw5WRCNqz,20
@CNN,0.0,Thu Sep 27 18:40:23 +0000 2018,1.0,0.0,0.0,"RT @CNNPolitics: GOP Sen. Lindsey Graham: ‚ÄúAll I can say, is that we are 40 something days away from the elections and their goal, not Mrs.‚Ä¶",21
@CNN,0.0,Thu Sep 27 18:39:43 +0000 2018,1.0,0.0,0.0,How Fox News is covering Christine Blasey Ford's testimony https://t.co/d0UDCa2BOp https://t.co/aK0BYaDB1O,22
@CNN,0.6681,Thu Sep 27 18:14:06 +0000 2018,0.733,0.047,0.22,Sen. Kamala Harris to Christine Blasey Ford: ‚ÄúYou are not on trial‚Ä¶ I want to thank you for your courage and I want‚Ä¶ https://t.co/7kUKndhOTm,23
@CNN,0.3182,Thu Sep 27 18:01:56 +0000 2018,0.606,0.147,0.247,"Christine Blasey Ford says she is ""100 percent"" certain Supreme Court nominee Brett Kavanaugh assaulted her‚Ä¶ https://t.co/fBKNcrsWik",24
@CNN,0.0,Thu Sep 27 17:48:18 +0000 2018,1.0,0.0,0.0,"RT @CNNPolitics: GOP Sen. Lindsey Graham: ‚ÄúWhat happened to her, I don‚Äôt know. Why don‚Äôt you believe (Kavanaugh)? What is it about him you‚Ä¶",25
@CNN,0.7003,Thu Sep 27 17:40:11 +0000 2018,0.633,0.0,0.367,"Republican senator on Kavanaugh accuser: 'She's an attractive, good witness' https://t.co/lL2Uu5zKgy https://t.co/1ZV48btQnQ",26
@CNN,0.0,Thu Sep 27 17:30:10 +0000 2018,1.0,0.0,0.0,Takeaways from the Brett Kavanaugh-Christine Blasey Ford hearings | Analysis by @CillizzaCNN https://t.co/FbX4U4SuQO https://t.co/0L1yCqbAlF,27
@CNN,0.0,Thu Sep 27 17:10:09 +0000 2018,1.0,0.0,0.0,One Republican senator who went up to say something to Christine Blasey Ford as a break began was Nebraska Republic‚Ä¶ https://t.co/ZG2kiSxpZz,28
@CNN,0.0,Thu Sep 27 17:05:06 +0000 2018,1.0,0.0,0.0,"Watch CNN's continued coverage of today‚Äôs Kavanaugh-Ford hearing at¬†https://t.co/9eyGMgsaH6¬†on your desktop, smartp‚Ä¶ https://t.co/wUBclj08LN",29
@CNN,0.3612,Thu Sep 27 17:00:04 +0000 2018,0.848,0.0,0.152,Democratic Sen. Mazie Hirono's re-election campaign apologizes for sending a fundraising email regarding the assaul‚Ä¶ https://t.co/lIsbc0AzEe,30
@CNN,0.0,Thu Sep 27 16:50:02 +0000 2018,1.0,0.0,0.0,The White House says the previously announced meeting between President Trump and Deputy Attorney General Rod Rosen‚Ä¶ https://t.co/l9tHCvrwRX,31
@CNN,0.0,Thu Sep 27 16:40:19 +0000 2018,1.0,0.0,0.0,"Sen. Amy Klobuchar, a Democrat from Minnesota, asked Christine Ford about the things she remembers about the night‚Ä¶ https://t.co/xXqJK2vF86",32
@CNN,0.0,Thu Sep 27 16:30:09 +0000 2018,1.0,0.0,0.0,21 questions Brett Kavanaugh could face today under oath | Analysis by @zbyronwolf¬†and @GregJKrieg‚Ä¶ https://t.co/ZM5MexiMpv,33
@CNN,-0.5106,Thu Sep 27 16:20:26 +0000 2018,0.798,0.202,0.0,RT @CNNnewsroom: Sen. Sheldon Whitehouse tells Christine Blasey Ford a lack of FBI investigation into her accusation against Brett Kavanaug‚Ä¶,34
@CNN,0.0,Thu Sep 27 16:20:10 +0000 2018,1.0,0.0,0.0,"Tarana Burke, founder of the #MeToo movement, is in the room watching today's hearing. She's wearing a handmade sti‚Ä¶ https://t.co/XXzrpc8vHb",35
@CNN,0.0,Thu Sep 27 16:13:24 +0000 2018,1.0,0.0,0.0,"Across the world, people are watching the Kavanaugh-Ford hearing, and this includes passengers on airplanes. Here's‚Ä¶ https://t.co/AjYxaW9MLh",36
@CNN,0.0,Thu Sep 27 16:00:10 +0000 2018,1.0,0.0,0.0,Read Sen. Chuck Grassley's written opening statement for the Kavanaugh and Ford hearing https://t.co/w9fLUkmXpi,37
@CNN,-0.34,Thu Sep 27 15:58:44 +0000 2018,0.652,0.217,0.13,"RT @CNNPhotos: Christine Blasey Ford, who has accused Supreme Court nominee Brett Kavanaugh of sexual assault, is sworn in before testifyin‚Ä¶",38
@CNN,0.0,Thu Sep 27 15:56:53 +0000 2018,1.0,0.0,0.0,"RT @CNNnewsroom: Sen. Kirsten Gillibrand: ""I just don't know how any Republican could vote for Brett Kavanaugh after hearing her""

Follow l‚Ä¶",39
@CNN,-0.2263,Thu Sep 27 15:51:04 +0000 2018,0.888,0.112,0.0,Republican governor says Kavanaugh allegations are 'sickening' and calls on the Senate to postpone vote‚Ä¶ https://t.co/NKraQx9t8k,40
@CNN,-0.5106,Thu Sep 27 15:43:59 +0000 2018,0.858,0.142,0.0,Sen. Dick Durbin calls for Mark Judge ‚Äî the other individual who Christine Blasey Ford claims was in the room durin‚Ä¶ https://t.co/m4saQVkI5C,41
@CNN,0.0,Thu Sep 27 15:36:00 +0000 2018,1.0,0.0,0.0,Watch the second part of Christine Blasey Ford‚Äôs statement before the Senate Judiciary Committee‚Ä¶ https://t.co/3xU1E7lwY3,42
@CNN,-0.6395,Thu Sep 27 15:35:02 +0000 2018,0.784,0.216,0.0,Christine Blasey Ford in her opening statement: ‚ÄúI am here today not because I want to be. I am terrified. I am her‚Ä¶ https://t.co/PlIxAyZ40K,43
@CNN,-0.6908,Thu Sep 27 15:32:46 +0000 2018,0.686,0.242,0.072,"RT @CNN: Sen. Dick Durbin: ‚ÄúDr. Ford: With what degree of certainty do you believe Brett Kavanaugh assaulted you?‚Äù

Christine Blasey Ford:‚Ä¶",44
@CNN,-0.6908,Thu Sep 27 15:30:24 +0000 2018,0.648,0.271,0.081,"Sen. Dick Durbin: ‚ÄúDr. Ford: With what degree of certainty do you believe Brett Kavanaugh assaulted you?‚Äù

Christin‚Ä¶ https://t.co/QTKRw6iaK8",45
@CNN,-0.5859,Thu Sep 27 15:27:11 +0000 2018,0.826,0.174,0.0,"Christine Blasey Ford testifies on what she remembers most vividly from the alleged assault: ""Indelible in the hipp‚Ä¶ https://t.co/QAzAAdCeww",46
@CNN,-0.1779,Thu Sep 27 15:18:59 +0000 2018,0.914,0.086,0.0,"Christine Blasey Ford, her voice shaking, describes the night in the 1980s when she alleges Brett Kavanaugh sexuall‚Ä¶ https://t.co/9dR9mAJRfn",47
@CNN,0.7169,Thu Sep 27 15:15:46 +0000 2018,0.794,0.0,0.206,"RT @CNNPolitics: Feinstein: ""How are you so sure that it was (Kavanaugh)?‚Äù

Ford: ""The same way that I'm sure that I'm talking to you right‚Ä¶",48
@CNN,0.2263,Thu Sep 27 15:10:53 +0000 2018,0.894,0.0,0.106,A source close to Christine Blasey Ford says she wrote her prepared remarks herself. Read them here: https://t.co/WOjntkmHjE,49
@CNN,0.0,Thu Sep 27 14:50:18 +0000 2018,1.0,0.0,0.0,Senate Judiciary Committee Chairman Chuck Grassley on the FBI reports conducted while vetting Brett Kavanaugh: ‚ÄúNow‚Ä¶ https://t.co/FEH942aNna,50
@CNN,0.0,Thu Sep 27 14:40:27 +0000 2018,1.0,0.0,0.0,Sen. Dianne Feinstein: ‚ÄúThis is not a trial of Dr. Ford. It‚Äôs a job interview for Judge Kavanaugh... Is he the best‚Ä¶ https://t.co/mEvp73xYEH,51
@CNN,0.4019,Thu Sep 27 14:32:01 +0000 2018,0.766,0.081,0.153,Here are a few of the protests and rallies happening around the country during today's hearing with Supreme Court n‚Ä¶ https://t.co/DyxQjNYVV8,52
@CNN,-0.0772,Thu Sep 27 14:26:08 +0000 2018,0.739,0.138,0.123,Senate Judiciary Chairman Chuck Grassley apologizes to Brett Kavanaugh and Christine Blasey Ford for threats they‚Äôv‚Ä¶ https://t.co/RLMNILhUir,53
@CNN,0.0,Thu Sep 27 14:20:10 +0000 2018,1.0,0.0,0.0,"When he does arrive on Capitol Hill, Judge Brett Kavanaugh is planning to watch at least the first portion of Chris‚Ä¶ https://t.co/aa70nIfmtZ",54
@CNN,0.0516,Thu Sep 27 14:11:03 +0000 2018,0.805,0.093,0.102,Senate Democrats are not expected to consolidate their time at today's hearing -‚Äì meaning no one is giving up their‚Ä¶ https://t.co/l2pzPb1M4f,55
@CNN,-0.34,Thu Sep 27 14:06:26 +0000 2018,0.625,0.234,0.141,"Supreme Court nominee Brett Kavanaugh and Christine Blasey Ford, who has accused him of sexual assault, are testify‚Ä¶ https://t.co/XlZguy4H8T",56
@CNN,0.4019,Thu Sep 27 14:04:37 +0000 2018,0.881,0.0,0.119,"Pres. Trump and VP Pence phoned Kavanaugh to voice support for him ahead of today's hearing

Trump's message for Ka‚Ä¶ https://t.co/3zmwUz1yWe",57
@CNN,0.2263,Thu Sep 27 14:01:34 +0000 2018,0.725,0.0,0.275,Read Brett Kavanaugh's prepared remarks: https://t.co/nx3jHCLrXw,58
@CNN,0.0,Thu Sep 27 14:00:08 +0000 2018,1.0,0.0,0.0,"Here's what Christine Blasey Ford will say in her opening statement: https://t.co/VunSNA1VcJ

Read the full stateme‚Ä¶ https://t.co/ZVoPKSxp1V",59
@CNN,0.0,Thu Sep 27 13:55:03 +0000 2018,1.0,0.0,0.0,21 questions Brett Kavanaugh could face today under oath | Analysis by @zbyronwolf¬†and @GregJKrieg‚Ä¶ https://t.co/oPH5R0FJnZ,60
@CNN,0.0,Thu Sep 27 13:50:08 +0000 2018,1.0,0.0,0.0,"Watch CNN's full coverage of today‚Äôs Kavanaugh-Ford hearing at¬†https://t.co/9eyGMgsaH6¬†on your desktop, smartphone,‚Ä¶ https://t.co/2CPS09PRLB",61
@CNN,-0.5994,Thu Sep 27 13:45:00 +0000 2018,0.849,0.151,0.0,This Texan might be America‚Äôs first Filipina in Congress. Gina Ortiz Jones is an LGBTQ Iraq war vet who wants to pr‚Ä¶ https://t.co/dkt9oPRtKY,62
@CNN,0.1531,Thu Sep 27 13:39:31 +0000 2018,0.904,0.0,0.096,@taiyo_masuda @GoPro Watch a seal slap a kayaker in the face -- with an octopus: https://t.co/bwsSC3h3Ff (Corrects‚Ä¶ https://t.co/Hkhj7fowAz,63
@CNN,0.0,Thu Sep 27 13:30:00 +0000 2018,1.0,0.0,0.0,Amazon's Alexa-enabled microwave can respond to your commands and figure out how long to cook your dinner‚Ä¶ https://t.co/zn1Ee0YgVQ,64
@CNN,-0.3182,Thu Sep 27 13:23:18 +0000 2018,0.897,0.103,0.0,RT @AC360: CNN‚Äôs Randi Kaye speaks with independent voters on Judge Kavanaugh and the accusations against him ahead of Thursday‚Äôs testimony‚Ä¶,65
@CNN,0.0,Thu Sep 27 13:20:09 +0000 2018,1.0,0.0,0.0,"Kavanaugh, Ford set to testify in Senate Judiciary Committee hearing https://t.co/89CaGexjfn https://t.co/sCR2nBmVQT",66
@CNN,-0.6486,Thu Sep 27 13:12:23 +0000 2018,0.699,0.301,0.0,9-year-old girl among nearly 200 dead in Nigeria floods https://t.co/V4qyxOZjQ9 https://t.co/6Bv1QJWgbH,67
@CNN,0.0,Thu Sep 27 13:00:48 +0000 2018,1.0,0.0,0.0,RT @mj_lee: Will be inside the room for Christine Blasey Ford and Brett Kavanaugh hearing today. Here‚Äôs Ford‚Äôs view this morning: https://t‚Ä¶,68
@CNN,0.0,Thu Sep 27 13:00:12 +0000 2018,1.0,0.0,0.0,"Watch CNN's full coverage of today‚Äôs Kavanaugh-Ford hearing at¬†https://t.co/9eyGMgsaH6¬†on your desktop, smartphone,‚Ä¶ https://t.co/lfK4QGebUz",69
@CNN,0.4588,Thu Sep 27 12:50:04 +0000 2018,0.87,0.0,0.13,This custodian has been spreading kindness at Bristol University for more than 11 years so students at the school l‚Ä¶ https://t.co/7gHyLzo99e,70
@CNN,-0.6597,Thu Sep 27 12:40:11 +0000 2018,0.82,0.18,0.0,This 2-year-old boy has a rare form of terminal brain cancer. Doctors believe he won't live until Christmas -- so h‚Ä¶ https://t.co/ppVTiogLPt,71
@CNN,0.7096,Thu Sep 27 12:30:07 +0000 2018,0.753,0.0,0.247,A day that will resonate in history: As the Supreme Court nominee and his original accuser appear before a Senate p‚Ä¶ https://t.co/k3rsc0NLrY,72
@CNN,0.0,Thu Sep 27 12:25:05 +0000 2018,1.0,0.0,0.0,21 questions Brett Kavanaugh could face today under oath | Analysis by @zbyronwolf¬†and @GregJKrieg‚Ä¶ https://t.co/M4i0E3NVyC,73
@CNN,0.0,Thu Sep 27 12:20:05 +0000 2018,1.0,0.0,0.0,"When Christine Blasey Ford sits down Thursday morning to testify, she will bring with her the memory of the 1991 he‚Ä¶ https://t.co/UoiAgBpLGL",74
@CNN,0.0,Thu Sep 27 12:15:04 +0000 2018,1.0,0.0,0.0,6 things to watch in today's hearing with Brett Kavanaugh and Christine Blasey Ford https://t.co/t8ztbyVo3J https://t.co/fxo0HyOi4a,75
@CNN,0.4215,Thu Sep 27 12:13:14 +0000 2018,0.743,0.0,0.257,"Read Christine Blasey Ford's prepared testimony: https://t.co/eYhLgQkgjH

Read Brett Kavanaugh's prepared remarks: https://t.co/nU8u9OBhSJ",76
@CNN,-0.1779,Thu Sep 27 12:10:00 +0000 2018,0.922,0.078,0.0,A long-lost warship has been discovered off the coast of China after an extensive hunt to track down relics from fr‚Ä¶ https://t.co/BdvrPQ60Cl,77
@CNN,-0.3182,Thu Sep 27 12:05:37 +0000 2018,0.881,0.119,0.0,"Julie Swetnick, who went public on Wednesday with her accusations against Brett Kavanaugh, was represented in a sex‚Ä¶ https://t.co/9yoj1kAUWN",78
@CNN,-0.4019,Thu Sep 27 12:00:07 +0000 2018,0.828,0.172,0.0,The case Kavanaugh has to make and his slim margin of error https://t.co/fjUCY9DJGx https://t.co/kQgRE2WMNJ,79
@CNN,0.5574,Thu Sep 27 11:50:07 +0000 2018,0.825,0.0,0.175,The prosecutor selected to serve as outside counsel for the Republican-led Senate Judiciary Committee at Supreme Co‚Ä¶ https://t.co/zW7fYd5DxG,80
@CNN,0.6808,Thu Sep 27 11:30:01 +0000 2018,0.763,0.0,0.237,"The Federal Reserve raised interest rates for the third time this year, upping the rate that helps determine costs‚Ä¶ https://t.co/ajOW0pqd0N",81
@CNN,0.3818,Thu Sep 27 11:20:00 +0000 2018,0.885,0.0,0.115,New Zealand Prime Minister Jacinda Ardern has told CNN she hoped the decision to bring her 3-month-old baby to the‚Ä¶ https://t.co/SP4fkbJhyA,82
@CNN,-0.34,Thu Sep 27 11:16:30 +0000 2018,0.806,0.194,0.0,"'Distracted boyfriend' meme is sexist, says Swedish ad watchdog https://t.co/lzC3C51Zdh https://t.co/AAVdI2KP7X",83
@CNN,0.0232,Thu Sep 27 11:10:00 +0000 2018,0.823,0.087,0.09,She could be America‚Äôs first black female governor. Stacey Abrams admits she is not like what has come before her i‚Ä¶ https://t.co/7BONRdNlQu,84
@CNN,0.0,Thu Sep 27 11:00:12 +0000 2018,1.0,0.0,0.0,"5 things for Thursday:

- Brett Kavanaugh
- China
- North Korea
- Google
- Methamphetamines

https://t.co/K6MlcDt1ZU https://t.co/vg1VycEbWJ",85
@CNN,0.25,Thu Sep 27 10:57:00 +0000 2018,0.9,0.0,0.1,From political refugee to CEO ‚Äî @PeterGeorgescu lived the American Dream and is now calling on corporate America to‚Ä¶ https://t.co/Ga7WaWm1nM,86
@CNN,-0.2023,Thu Sep 27 10:47:00 +0000 2018,0.913,0.087,0.0,Watch a rare gulper eel change its shape right before your eyes -- a unique method it uses to intimidate predators‚Ä¶ https://t.co/FVjXTTg679,87
@CNN,-0.6597,Thu Sep 27 10:41:29 +0000 2018,0.804,0.196,0.0,"Two weeks after Hurricane Florence slammed the Carolina coast, killing dozens and flooding rivers and homes, it has‚Ä¶ https://t.co/JNLKapJgfp",88
@CNN,0.7096,Thu Sep 27 10:30:13 +0000 2018,0.753,0.0,0.247,A day that will resonate in history: As the Supreme Court nominee and his original accuser appear before a Senate p‚Ä¶ https://t.co/x6mY4Eq2ZA,89
@CNN,0.0,Thu Sep 27 10:20:08 +0000 2018,1.0,0.0,0.0,21 questions Brett Kavanaugh could face today under oath | Analysis by @zbyronwolf¬†and @GregJKrieg‚Ä¶ https://t.co/R12cWG05q0,90
@CNN,0.0,Thu Sep 27 10:11:48 +0000 2018,1.0,0.0,0.0,6 things to watch in today's hearing with Brett Kavanaugh and Christine Blasey Ford https://t.co/p1LvmZX4Im https://t.co/x5Lhnz3ZtG,91
@CNN,0.1531,Thu Sep 27 10:10:23 +0000 2018,0.909,0.0,0.091,"Watch a seal slap a kayaker in the face -- with an octopus: https://t.co/bwsSC3yEwN

(Video via @taiyo_masuda &amp;‚Ä¶ https://t.co/cKJKOnUq3r",92
@CNN,0.0,Thu Sep 27 09:54:20 +0000 2018,1.0,0.0,0.0,Facebook is launching another virtual reality headset that doesn't need a PC to work -- the Oculus Quest VR headset‚Ä¶ https://t.co/nAgcJvx5CZ,93
@CNN,0.0,Thu Sep 27 09:35:16 +0000 2018,1.0,0.0,0.0,"Today could be one of those Washington days that defines a political era, @stcollinson writes https://t.co/aol6n8aKER",94
@CNN,-0.6486,Thu Sep 27 09:09:04 +0000 2018,0.782,0.218,0.0,"A man has been arrested at Dublin Airport for trying to chase a plane after he missed his flight, according to Iris‚Ä¶ https://t.co/4E0gW1hfeH",95
@CNN,0.891,Thu Sep 27 08:55:07 +0000 2018,0.629,0.0,0.371,"""One of the best in the world."" Eden Hazard scores a stunning late winner as Chelsea beat Liverpool in the Carabao‚Ä¶ https://t.co/ay5wUuOTuW",96
@CNN,-0.7717,Thu Sep 27 08:37:58 +0000 2018,0.691,0.309,0.0,"A dog lost part of her skull to cancer, so researchers 3D-printed a plate to replace it https://t.co/1Ni80BLSgg https://t.co/GIeRi8dgPM",97
@CNN,0.0,Thu Sep 27 08:01:02 +0000 2018,1.0,0.0,0.0,"Researchers used a gene editing tool to wipe out a population of malaria-carrying mosquitoes in a lab, raising the‚Ä¶ https://t.co/iIc5KjNeaA",98
@CNN,0.0,Thu Sep 27 07:33:37 +0000 2018,1.0,0.0,0.0,Bill Cosby has left behind a luxurious world for his new life behind bars. Here are some of the meals he'll be havi‚Ä¶ https://t.co/BFZnnQCVO3,99
@CNN,0.1531,Thu Sep 27 07:31:58 +0000 2018,0.909,0.0,0.091,"Watch a seal slap a kayaker in the face -- with an octopus: https://t.co/o5zJ8GzwTI 

(Video via @taiyo_masuda &amp;‚Ä¶ https://t.co/9j7olAZSU7",100
@FoxNews,0.0,Thu Sep 27 21:28:42 +0000 2018,1.0,0.0,0.0,"Judge Brett Kavanaugh testifies in front of the Senate Judiciary Committee on sexual misconduct allegations.

Watch‚Ä¶ https://t.co/IUGWFvKiY9",1
@FoxNews,0.0,Thu Sep 27 21:18:16 +0000 2018,1.0,0.0,0.0,".@LindseyGrahamSC to Judge Brett Kavanaugh: ""This is not a job interview. This is hell."" https://t.co/DT8TFa80T1 https://t.co/HZXGsgAEGy",2
@FoxNews,0.4404,Thu Sep 27 21:08:58 +0000 2018,0.868,0.0,0.132,".@JohnCornyn to Judge Kavanaugh: ""Your reputation is on the line. And I hope people understand the gravity of the c‚Ä¶ https://t.co/zFp4OBEjPd",3
@FoxNews,0.0,Thu Sep 27 21:03:01 +0000 2018,1.0,0.0,0.0,"Judge Brett Kavanaugh: ""I'm never going to get my reputation back. My life is totally and permanently altered.""‚Ä¶ https://t.co/y8Mcz8O8fE",4
@FoxNews,0.0,Thu Sep 27 20:45:22 +0000 2018,1.0,0.0,0.0,".@SenatorDurbin to Judge Kavanaugh: ""I've got a suggestion for you. Right now, turn to your left in the front row t‚Ä¶ https://t.co/q0zYMSpGmT",5
@FoxNews,-0.7783,Thu Sep 27 20:37:11 +0000 2018,0.595,0.405,0.0,Kavanaugh chokes up while discussing family's response to sexual assault allegations https://t.co/ieROeusNlB,6
@FoxNews,0.0,Thu Sep 27 20:27:51 +0000 2018,1.0,0.0,0.0,"Judge Brett Kavanaugh testifies in front of the Senate Judiciary Committee on sexual misconduct allegations.

Watch‚Ä¶ https://t.co/HY1neANOEZ",7
@FoxNews,-0.872,Thu Sep 27 20:22:40 +0000 2018,0.503,0.497,0.0,"Visibly angry Kavanaugh denies assault allegations, says process has ‚Äòbecome a national disgrace‚Äô https://t.co/ecmtBhcUi0",8
@FoxNews,0.5413,Thu Sep 27 20:16:46 +0000 2018,0.851,0.0,0.149,".@SenFeinstein: ""If you're very confident of your position, and you appear to be, why aren't you also asking the FB‚Ä¶ https://t.co/1ZXnQGPUkn",9
@FoxNews,0.4019,Thu Sep 27 20:15:52 +0000 2018,0.876,0.0,0.124,"Rachel Mitchell: ""Have you ever engaged in sexual behavior with Dr. Ford even if it was consensual?"" 

Judge Brett‚Ä¶ https://t.co/BmxX5rNWvj",10
@FoxNews,0.0,Thu Sep 27 20:10:51 +0000 2018,1.0,0.0,0.0,"Judge Brett Kavanaugh: ""If the mere assertion of an allegation, a refuted allegation from 36 years ago, is enough t‚Ä¶ https://t.co/iRIowY5gqj",11
@FoxNews,0.0,Thu Sep 27 20:01:08 +0000 2018,1.0,0.0,0.0,.@tracegallagher is live with the ‚ÄòFox News Update‚Äô on Facebook Watch: https://t.co/Sb2cju6RMf https://t.co/izHXszdPM3,12
@FoxNews,-0.6249,Thu Sep 27 20:00:15 +0000 2018,0.806,0.194,0.0,"Judge Brett Kavanaugh: ""Explaining this to our daughters has been about the worst experience of our lives.""‚Ä¶ https://t.co/zPmD0k3jDa",13
@FoxNews,0.2023,Thu Sep 27 19:54:01 +0000 2018,0.779,0.094,0.127,"Judge Brett Kavanaugh: ""For me and the girls who I was friends with, that lack of major or rampant sexual activity‚Ä¶ https://t.co/UkhtwWKioA",14
@FoxNews,0.0,Thu Sep 27 19:47:58 +0000 2018,1.0,0.0,0.0,"Judge Brett Kavanaugh: ""If every American who drinks beer, or every American who drank beer in high school is sudde‚Ä¶ https://t.co/jDJ5Ut2SoK",15
@FoxNews,0.3919,Thu Sep 27 19:44:33 +0000 2018,0.846,0.0,0.154,"Judge Brett Kavanaugh: ""I liked beer. I still like beer, but I did not drink beer to the point of blacking out, and‚Ä¶ https://t.co/vtJkhyiA2c",16
@FoxNews,-0.7096,Thu Sep 27 19:40:52 +0000 2018,0.685,0.315,0.0,Kavanaugh tears up at hearing while speaking about his family: 'We mean no ill will' toward accuser‚Ä¶ https://t.co/xUsbrFMezG,17
@FoxNews,-0.25,Thu Sep 27 19:31:20 +0000 2018,0.917,0.083,0.0,"Judge Brett Kavanaugh: ""You may defeat me in the final vote, but you'll never get me to quit. Never. I'm here today‚Ä¶ https://t.co/6QDXnzRN5L",18
@FoxNews,0.0,Thu Sep 27 19:23:35 +0000 2018,1.0,0.0,0.0,"Judge Brett Kavanaugh: ""This whole two week effort has been a calculated and orchestrated political hit.""‚Ä¶ https://t.co/aIJRcimUXw",19
@FoxNews,-0.4939,Thu Sep 27 19:21:40 +0000 2018,0.842,0.158,0.0,"'A national disgrace'

Kavanaugh, at hearing, says his name has been permanently 'destroyed' by false sex-assault a‚Ä¶ https://t.co/bxnWDTgKG0",20
@FoxNews,-0.3089,Thu Sep 27 19:19:25 +0000 2018,0.894,0.106,0.0,"Judge Brett Kavanaugh: ""I was not at the party described by Dr. Ford. This confirmation process has become a nation‚Ä¶ https://t.co/xbsMet5ANf",21
@FoxNews,-0.4404,Thu Sep 27 19:16:15 +0000 2018,0.838,0.162,0.0,"Judge Brett Kavanaugh: ""I denied the allegation immediately, categorically and unequivocally. All four people alleg‚Ä¶ https://t.co/f2RnTHY4wx",22
@FoxNews,0.0,Thu Sep 27 19:13:15 +0000 2018,1.0,0.0,0.0,Judge Brett Kavanaugh is sworn in for his testimony before the Senate Judiciary Committee. https://t.co/JpnY5VDKmf https://t.co/2HHXi42ZhX,23
@FoxNews,0.0,Thu Sep 27 19:08:59 +0000 2018,1.0,0.0,0.0,NOW: Judge Kavanaugh testifies before the Senate Judiciary Committee. https://t.co/JpnY5VDKmf https://t.co/M6VBUpjBkY,24
@FoxNews,0.0,Thu Sep 27 19:08:56 +0000 2018,1.0,0.0,0.0,"Judge Brett Kavanaugh testifies in front of the Senate Judiciary Committee on sexual misconduct allegations.

Watch‚Ä¶ https://t.co/Ofdso3cXbg",25
@FoxNews,0.0,Thu Sep 27 19:01:01 +0000 2018,1.0,0.0,0.0,Ford says breaking point to go public came after reporter appeared in her classroom https://t.co/ZQnvyfi7hj,26
@FoxNews,0.128,Thu Sep 27 18:48:47 +0000 2018,0.909,0.0,0.091,"During Kavanaugh hearing, prosecutor addresses Ford feeling of being 'terrified' to testify: 'That's not right' https://t.co/9MPNcDqsP9",27
@FoxNews,0.0,Thu Sep 27 18:43:10 +0000 2018,1.0,0.0,0.0,"Some GOP governors, including Governor @JohnKasich, have called for the Kavanaugh confirmation vote to be delayed.‚Ä¶ https://t.co/3UUNwzVEd9",28
@FoxNews,0.34,Thu Sep 27 18:30:32 +0000 2018,0.811,0.063,0.126,"Sen. @LindseyGrahamSC on Dr. Ford: ""A nice lady who has come forward to tell a hard story that's uncorroborated, an‚Ä¶ https://t.co/IBnTaKufJH",29
@FoxNews,-0.296,Thu Sep 27 18:25:04 +0000 2018,0.872,0.128,0.0,"Sen. @JohnCornyn on Dr. Ford: ""I found no reason to find her not credible."" https://t.co/005BvMqW3Y https://t.co/lFkAlQA0DU",30
@FoxNews,0.3612,Thu Sep 27 18:21:35 +0000 2018,0.884,0.0,0.116,"Sen. @ChuckGrassley to Dr. Ford on the conclusion of her testimony to the Senate Judiciary Committee: ""I thank you‚Ä¶ https://t.co/OBFWMMtBGY",31
@FoxNews,0.743,Thu Sep 27 18:12:11 +0000 2018,0.672,0.0,0.328,"Sen. @KamalaHarris to Dr. Ford: ""I want to thank you for your courage and I want to tell you I believe you."" https://t.co/C5inSoi6wC",32
@FoxNews,-0.296,Thu Sep 27 18:02:49 +0000 2018,0.872,0.128,0.0,"JUST IN: Body believed to be missing North Carolina boy with autism found, FBI says https://t.co/eUx3YmDnfF",33
@FoxNews,0.0,Thu Sep 27 17:56:23 +0000 2018,1.0,0.0,0.0,"Trump not calling for FBI probe into Kavanaugh allegations is 'tantamount to a cover-up,' Dem senator says https://t.co/IaLmx6Vtbw",34
@FoxNews,0.3612,Thu Sep 27 17:42:08 +0000 2018,0.898,0.0,0.102,"Dr. Ford: ‚ÄúI was trying to get the information to you while there was still a list of other, what looked like, equa‚Ä¶ https://t.co/kfTvnPuQfQ",35
@FoxNews,0.0,Thu Sep 27 17:37:41 +0000 2018,1.0,0.0,0.0,Judge Brett Kavanaugh and Dr. Christine Blasey Ford testify in front of the Senate Judiciary Committee on sexual mi‚Ä¶ https://t.co/VzPulo5hYk,36
@FoxNews,-0.6908,Thu Sep 27 17:32:14 +0000 2018,0.711,0.289,0.0,"Kavanaugh confirmation vote should be delayed due to 'sickening' assault allegations, some GOP governors say https://t.co/BGL3lo09Ys",37
@FoxNews,-0.2732,Thu Sep 27 17:28:28 +0000 2018,0.792,0.208,0.0,Trump postpones meeting with Rosenstein to next week https://t.co/zwIYZqfhWh,38
@FoxNews,0.0,Thu Sep 27 16:53:22 +0000 2018,1.0,0.0,0.0,"Christine Blasey Ford, in Senate testimony, says she doesn‚Äôt know who paid for her polygraph test regarding sexual‚Ä¶ https://t.co/xT2lxsFpzT",39
@FoxNews,-0.128,Thu Sep 27 16:50:17 +0000 2018,0.757,0.131,0.112,".@SenBlumenthal: ‚ÄúIt‚Äôs up to the President of the United States and his failure to ask for an FBI investigation, in‚Ä¶ https://t.co/ryO1LX74vS",40
@FoxNews,0.0,Thu Sep 27 16:41:10 +0000 2018,1.0,0.0,0.0,"Rachel Mitchell: ‚ÄúDid you ever give Senator Feinstein or anyone else the permission to release that letter?‚Äù

Dr. F‚Ä¶ https://t.co/8bCtdZ9b1h",41
@FoxNews,-0.3182,Thu Sep 27 16:25:00 +0000 2018,0.593,0.252,0.156,Ford says she's '100 percent' certain Kavanaugh assaulted her https://t.co/rFal1g9ziJ,42
@FoxNews,-0.6249,Thu Sep 27 16:18:33 +0000 2018,0.745,0.255,0.0,Chris Wallace on Christine Blasey Ford Testimony: 'This Is a Disaster for Republicans' https://t.co/oFGt7hdClV,43
@FoxNews,-0.7906,Thu Sep 27 16:13:10 +0000 2018,0.696,0.304,0.0,"Juanita Broaddrick, the woman who accused former President Bill Clinton of raping her decades ago, slammed Democrat‚Ä¶ https://t.co/vrPFN7oycb",44
@FoxNews,-0.1779,Thu Sep 27 16:07:17 +0000 2018,0.904,0.096,0.0,Former sex crimes prosecutor Rachel Mitchell questions Christine Blasey Ford about her anxiety and PTSD problems‚Ä¶ https://t.co/ejSDvPxaUv,45
@FoxNews,-0.8442,Thu Sep 27 16:05:24 +0000 2018,0.524,0.476,0.0,"Christine Ford testifies Kavanaugh ‚Äòsexually assaulted me,‚Äô rejects mistaken identity theory https://t.co/yylwVIUd6E https://t.co/ixvjyrYqW7",46
@FoxNews,-0.8442,Thu Sep 27 15:57:45 +0000 2018,0.497,0.503,0.0,"Christine Ford testifies Kavanaugh ‚Äòsexually assaulted me,‚Äô rejects mistaken identity theory https://t.co/ecmtBhcUi0",47
@FoxNews,-0.3612,Thu Sep 27 15:55:41 +0000 2018,0.573,0.269,0.159,"Kavanaugh, Ford hearing live blog: Supreme Court nominee and professor testify on sexual assault accusations https://t.co/YlU3UYXWF6",48
@FoxNews,0.0,Thu Sep 27 15:48:19 +0000 2018,1.0,0.0,0.0,Judge Brett Kavanaugh and Dr. Christine Blasey Ford testify in front of the Senate Judiciary Committee on sexual mi‚Ä¶ https://t.co/MSTXxHjh3M,49
@FoxNews,-0.34,Thu Sep 27 15:48:00 +0000 2018,0.748,0.159,0.093,".@SenatorDurbin: ‚ÄúDr. Ford, with what degree of certainty do you believe Brett Kavanaugh assaulted you?‚Äù

Dr. Ford:‚Ä¶ https://t.co/tbpC2Y3tDS",50
@FoxNews,-0.9246,Thu Sep 27 15:41:27 +0000 2018,0.472,0.528,0.0,".@SenatorDurbin: ‚ÄúNo one should face harassment, death threats and disparaging comments by cheap shot politicians,‚Ä¶ https://t.co/yHkwaihlO7",51
@FoxNews,0.7506,Thu Sep 27 15:26:59 +0000 2018,0.738,0.0,0.262,".@SenatorLeahy: ‚ÄúYou sharing your story is going to have a lasting, positive impact on so many survivors in our cou‚Ä¶ https://t.co/mzX5cH7LdS",52
@FoxNews,-0.5106,Thu Sep 27 15:25:22 +0000 2018,0.845,0.155,0.0,".@SenatorLeahy: ‚ÄúChairman, you and I were both here 27 years ago. At that time the Senate failed Anita Hill.‚Äù‚Ä¶ https://t.co/SUgdzgm7K1",53
@FoxNews,0.872,Thu Sep 27 15:20:27 +0000 2018,0.602,0.0,0.398,"Supporters of Supreme Court Justice nominee Brett Kavanaugh gathered and sang in Washington DC, ahead of testimonie‚Ä¶ https://t.co/H0Ab0oFkiR",54
@FoxNews,-0.34,Thu Sep 27 15:16:59 +0000 2018,0.844,0.156,0.0,Grassley quotes Anita Hill-era Biden to shoot down call for new FBI probe https://t.co/Xfe6SV59DD,55
@FoxNews,0.5574,Thu Sep 27 15:09:51 +0000 2018,0.833,0.0,0.167,"Ford: ‚ÄúIt is not my responsibility to determine whether Mr. Kavanaugh sits on the Supreme Court, my responsibility‚Ä¶ https://t.co/KVkO5SP86L",56
@FoxNews,-0.296,Thu Sep 27 15:09:00 +0000 2018,0.909,0.091,0.0,Dr. Ford ‚ÄúI have been accused of acting out of partisan political motives. Those who say that do not know me. I am‚Ä¶ https://t.co/mnbq0yQUkQ,57
@FoxNews,0.5859,Thu Sep 27 15:06:19 +0000 2018,0.78,0.0,0.22,Ford: ‚ÄúMy hope was that providing the information confidentially would be sufficient to allow the Senate to conside‚Ä¶ https://t.co/SD97p0pdr8,58
@FoxNews,-0.7845,Thu Sep 27 14:58:00 +0000 2018,0.734,0.266,0.0,Ford: ‚ÄúBrett‚Äôs assault on me drastically altered my life. For a very long time I was too afraid and ashamed to tell‚Ä¶ https://t.co/yUdjh6lsYg,59
@FoxNews,0.3612,Thu Sep 27 14:55:38 +0000 2018,0.898,0.0,0.102,"Ford: ‚ÄúI don‚Äôt have all the answers, and I don‚Äôt remember as much as I would like to. But the details about that ni‚Ä¶ https://t.co/Jtncxj6T0j",60
@FoxNews,-0.6395,Thu Sep 27 14:45:55 +0000 2018,0.784,0.216,0.0,Dr. Christine Blasey Ford: ‚ÄúI am here today not because I want to be. I am terrified. I am here because I believe i‚Ä¶ https://t.co/qXBr8DwbQW,61
@FoxNews,0.0,Thu Sep 27 14:44:43 +0000 2018,1.0,0.0,0.0,RT @brookefoxnews: NEW per @MikeEmanuelFox -- a source familiar said the @senjudiciary spent hours investigating the two individuals who cl‚Ä¶,62
@FoxNews,0.4019,Thu Sep 27 14:37:59 +0000 2018,0.769,0.0,0.231,Second Kavanaugh accuser offers message of support for Ford https://t.co/1kYfao4m1G,63
@FoxNews,-0.296,Thu Sep 27 14:37:10 +0000 2018,0.879,0.121,0.0,".@SenFeinstein: ‚ÄúDespite repeated requests, President Trump and the Republicans have refused to take this routine s‚Ä¶ https://t.co/NiYiC6Phi7",64
@FoxNews,-0.5859,Thu Sep 27 14:35:00 +0000 2018,0.826,0.174,0.0,".@SenFeinstein: ‚ÄúToo often women‚Äôs memories and credibility come under assault. In essence, they are put on trial a‚Ä¶ https://t.co/NgtwQ2GCOU",65
@FoxNews,0.0,Thu Sep 27 14:26:47 +0000 2018,1.0,0.0,0.0,.@SenFeinstein: ‚ÄúI did receive a letter from Dr. Ford‚Ä¶ I held it confidential up until a point where the witness wa‚Ä¶ https://t.co/PFbMCh476i,66
@FoxNews,0.1779,Thu Sep 27 14:26:19 +0000 2018,0.746,0.109,0.144,.@ChuckGrassley: ‚ÄúI can think of no one better equipped to question the witnesses than Rachel Mitchell.‚Äù‚Ä¶ https://t.co/iH8xmTJyPs,67
@FoxNews,0.3182,Thu Sep 27 14:21:06 +0000 2018,0.887,0.0,0.113,.@ChuckGrassley: ‚ÄúThe FBI doesn‚Äôt perform any credibility assessments or verify the truth of any events in these ba‚Ä¶ https://t.co/SBFUR8Wnp9,68
@FoxNews,0.743,Thu Sep 27 14:19:49 +0000 2018,0.622,0.079,0.299,Protesters gather outside the Supreme Court ahead of the Senate Judiciary Committee hearing from Supreme Court nomi‚Ä¶ https://t.co/i42Ps6LqMx,69
@FoxNews,-0.4767,Thu Sep 27 14:08:40 +0000 2018,0.819,0.181,0.0,.@ChuckGrassley: ‚ÄúBoth Dr. Ford and Judge Kavanaugh have been through a terrible couple of weeks.‚Äù https://t.co/7hFyO0b8Wd,70
@FoxNews,0.0,Thu Sep 27 14:03:37 +0000 2018,1.0,0.0,0.0,Judge Brett Kavanaugh and Dr. Christine Blasey Ford testify in front of the Senate Judiciary Committee on sexual mi‚Ä¶ https://t.co/Gpdt9syuTE,71
@FoxNews,-0.34,Thu Sep 27 13:59:17 +0000 2018,0.821,0.179,0.0,Kavanaugh confirmation derailed by sexual misconduct allegations: A list of his accusers https://t.co/3abb1BtSp6,72
@FoxNews,-0.3612,Thu Sep 27 13:55:57 +0000 2018,0.508,0.31,0.183,LIVE BLOG: Supreme Court nominee and professor testify on sexual assault accusations https://t.co/YlU3UYXWF6,73
@FoxNews,0.0,Thu Sep 27 13:50:35 +0000 2018,1.0,0.0,0.0,"Who is Rachel Mitchell, the prosecutor hired to question Kavanaugh's accuser during Senate hearing? https://t.co/Bj9hQABQTX",74
@FoxNews,0.2263,Thu Sep 27 13:43:29 +0000 2018,0.678,0.0,0.322,Brett Kavanaugh's prepared statement https://t.co/ADcHie4BKD,75
@FoxNews,0.2263,Thu Sep 27 13:42:59 +0000 2018,0.725,0.0,0.275,Christine Ford's full prepared remarks https://t.co/jn0ACyhESc,76
@FoxNews,0.0,Thu Sep 27 13:36:34 +0000 2018,1.0,0.0,0.0,Awaiting Kavanaugh Hearing https://t.co/abwpriQApD,77
@FoxNews,0.0,Thu Sep 27 13:29:19 +0000 2018,1.0,0.0,0.0,RT @FoxBusiness: America's GDP advances by 4.2% in 2Q https://t.co/Cw2zgXHVqR,78
@FoxNews,0.0,Thu Sep 27 13:29:08 +0000 2018,1.0,0.0,0.0,"RT @FoxBusiness: Weekly jobless claims rise to 214,000
https://t.co/cAwWUXdvQb",79
@FoxNews,0.5719,Thu Sep 27 13:17:09 +0000 2018,0.783,0.0,0.217,.@Jim_Jordan: ‚ÄúThe single biggest promise we made the American people in 2016 was building the border security wall‚Ä¶ https://t.co/UeVhyqaUKC,80
@FoxNews,0.1531,Thu Sep 27 13:00:00 +0000 2018,0.672,0.142,0.187,Texas AG supports school district in Pledge of Allegiance lawsuit https://t.co/H64BQVa9mj,81
@FoxNews,0.4404,Thu Sep 27 12:57:27 +0000 2018,0.868,0.0,0.132,.@Jim_Jordan: ‚ÄúI think the president‚Äôs right in not withdrawing his name. I hope he gets confirmed as soon as possi‚Ä¶ https://t.co/xyjY2HECht,82
@FoxNews,0.3612,Thu Sep 27 12:53:00 +0000 2018,0.675,0.117,0.209,Hundreds of Liberty Univ. Students Head to DC to Counter Anti-Kavanaugh Protesters https://t.co/NxGM95nVg9,83
@FoxNews,0.0,Thu Sep 27 12:47:39 +0000 2018,1.0,0.0,0.0,.@KellyannePolls: ‚ÄúThe president said yesterday he would prefer that the Deputy Attorney General stay on the job an‚Ä¶ https://t.co/GtCIxJhlpn,84
@FoxNews,0.1531,Thu Sep 27 12:42:14 +0000 2018,0.699,0.161,0.14,".@KellyannePolls: ‚ÄúThe president is tough. Judge Kavanaugh is tough, he wants to clear his name.‚Äù https://t.co/LZp7FRo0vp",85
@FoxNews,0.0,Thu Sep 27 12:36:27 +0000 2018,1.0,0.0,0.0,"Kid tying shoelace run over by car, walks away https://t.co/3KtfZDWKaW",86
@FoxNews,-0.4215,Thu Sep 27 12:10:00 +0000 2018,0.797,0.203,0.0,"If Kavanaugh nomination fails, here's who could be next in line - https://t.co/fTPeu2e5be",87
@FoxNews,0.4019,Thu Sep 27 12:00:00 +0000 2018,0.856,0.0,0.144,TODAY: @BretBaier and @marthamaccallum anchor special live coverage of the Brett Kavanaugh Senate hearing. Tune in‚Ä¶ https://t.co/ef17qAqFBG,88
@FoxNews,0.0,Thu Sep 27 11:50:18 +0000 2018,1.0,0.0,0.0,"WikiLeaks names new editor-in-chief, replacing Julian Assange https://t.co/SfuXmklnhF",89
@FoxNews,-0.25,Thu Sep 27 11:37:53 +0000 2018,0.905,0.095,0.0,.@MarshaBlackburn: ‚ÄúEvery woman deserves to be heard and women should be heard when they have an accusation and Dr.‚Ä¶ https://t.co/VaRqHkh7WN,90
@FoxNews,-0.6369,Thu Sep 27 11:32:49 +0000 2018,0.756,0.244,0.0,Democratic Rep. Ellison to ask House Ethics Committee to investigate abuse allegations https://t.co/pwP6pnI3og https://t.co/hHK0IkphwT,91
@FoxNews,-0.7845,Thu Sep 27 11:19:44 +0000 2018,0.653,0.347,0.0,"Navy veteran, 66, with terminal cancer holds yard sales to raise money for funeral https://t.co/RtQq9OkgXE",92
@FoxNews,-0.5106,Thu Sep 27 11:06:12 +0000 2018,0.809,0.191,0.0,"Bill Cosby will have access to TV and email while behind bars, prison says https://t.co/cDA43BMQvn",93
@FoxNews,0.0,Thu Sep 27 10:59:57 +0000 2018,1.0,0.0,0.0,"Tom Kane: ‚ÄúThese allegations are false, that‚Äôs not the man I knew.‚Äù https://t.co/QNlzviLIn7",94
@FoxNews,0.4019,Thu Sep 27 10:33:09 +0000 2018,0.838,0.0,0.162,"Maura Kane: ‚ÄúThe second I read her description of the parties, I knew it was false.‚Äù https://t.co/t3Sz883iAH",95
@FoxNews,0.4019,Thu Sep 27 10:26:50 +0000 2018,0.69,0.0,0.31,House Approves Bill Regulating Airline Seats https://t.co/rwTQJBggFB,96
@FoxNews,0.4767,Thu Sep 27 10:20:58 +0000 2018,0.763,0.0,0.237,Ginsburg cheers on #MeToo movement in advance of Kavanaugh-Ford hearing https://t.co/mCfvizyLQE,97
@FoxNews,0.0,Thu Sep 27 10:11:18 +0000 2018,1.0,0.0,0.0,.@CarleyShimkus is live with the ‚ÄòFox News Update‚Äô on Facebook Watch: https://t.co/hNrB8xzepH https://t.co/yTv1V0YWgS,98
@FoxNews,0.0,Thu Sep 27 09:59:00 +0000 2018,1.0,0.0,0.0,".@Apple Store robberies continue in Bay Area, with 9 stores hit this month https://t.co/fiPyPJXQfN",99
@FoxNews,-0.5267,Thu Sep 27 09:53:00 +0000 2018,0.825,0.175,0.0,"Brett Velicovich: ‚ÄúIt‚Äôs sickening to see this country out there exporting terrorism‚Ä¶The Iranians, really, they dese‚Ä¶ https://t.co/QQpKyWwZUf",100
@nytimes,0.7003,Thu Sep 27 21:30:10 +0000 2018,0.746,0.0,0.254,"Chicken francese, sometimes called chicken French, is one of those rare restaurant dishes that's truly easy to cook‚Ä¶ https://t.co/E6h0xyd2wO",1
@nytimes,0.0,Thu Sep 27 21:15:02 +0000 2018,1.0,0.0,0.0,"In a music video, a French rapper declared ‚Äúhang the whites.‚Äù Now the Paris prosecutor‚Äôs office is opening an inves‚Ä¶ https://t.co/USo9fFbKzL",2
@nytimes,-0.2263,Thu Sep 27 21:15:00 +0000 2018,0.83,0.105,0.066,Watch Lindsey Graham's fiery defense of Brett Kavanaugh after Richard Durbin urged the nominee to call for an FBI i‚Ä¶ https://t.co/dN9bRDwDxD,3
@nytimes,-0.5994,Thu Sep 27 21:13:56 +0000 2018,0.766,0.234,0.0,"RT @SherylNYT: Klobuchar: ""I have no drinking problem, Judge.""

Kavanaugh: ""Nor do I.""

Our live updates here: https://t.co/YMzJ47giSO",4
@nytimes,-0.4215,Thu Sep 27 21:12:02 +0000 2018,0.798,0.202,0.0,Questioning grew fiery when Senator Richard Durbin pressed Brett Kavanaugh to ask for an FBI inquiry‚Ä¶ https://t.co/smMDEuyzlJ,5
@nytimes,0.0,Thu Sep 27 21:00:04 +0000 2018,1.0,0.0,0.0,"At a time of rampant income inequality, stifling social roles for women and church-mandated morality, Voltairine de‚Ä¶ https://t.co/tg6fnPVv5T",6
@nytimes,0.0,Thu Sep 27 20:45:09 +0000 2018,1.0,0.0,0.0,"RT @CoralMDavenport: EPA plans to dissolve its Office of Science Advisor, which counsels the EPA chief on the science underpinning health &amp;‚Ä¶",7
@nytimes,0.4168,Thu Sep 27 20:45:06 +0000 2018,0.878,0.0,0.122,"In saying that he couldn't have sexually assaulted Dr. Blasey, Brett Kavanaugh said he was out of town nearly every‚Ä¶ https://t.co/fMxRugbqDC",8
@nytimes,0.0,Thu Sep 27 20:40:06 +0000 2018,1.0,0.0,0.0,Mark Judge‚Äôs name kept coming up during the Senate Judiciary Committee hearing with Dr. Christine Blasey Ford. Here‚Ä¶ https://t.co/Ks5C3ufGVp,9
@nytimes,0.0,Thu Sep 27 20:39:50 +0000 2018,1.0,0.0,0.0,Breaking News: Elon Musk was sued by the SEC over a tweet about taking Tesla private. The agency wants to bar him f‚Ä¶ https://t.co/174i8jCDgb,10
@nytimes,0.0,Thu Sep 27 20:30:02 +0000 2018,1.0,0.0,0.0,"In Opinion

Contributing Op-Ed writer @karaswisher writes, ""Kevin Systrom, a founder of Instagram, wasn‚Äôt a 'team p‚Ä¶ https://t.co/xuRXRKCbVF",11
@nytimes,0.0,Thu Sep 27 20:22:09 +0000 2018,1.0,0.0,0.0,"In his yearbook, Brett Kavanaugh and others called themselves ""Renate Alumni."" The woman they were referring to tol‚Ä¶ https://t.co/94JmZa2VD7",12
@nytimes,0.4404,Thu Sep 27 20:20:07 +0000 2018,0.822,0.0,0.178,"The facts of Dr. Christine Blasey Ford's story are already well known, but hearing her detail them was compelling https://t.co/GhkN4O2Z6I",13
@nytimes,0.5719,Thu Sep 27 20:16:14 +0000 2018,0.81,0.0,0.19,"RT @SherylNYT: Kavanaugh: ‚ÄúThe Swetnick thing is a joke, that is a farce.""
Feinstein: ‚ÄúWould you like to say more about it?
Kavanaugh, soun‚Ä¶",14
@nytimes,-0.8555,Thu Sep 27 20:10:05 +0000 2018,0.615,0.385,0.0,The police in Slovakia arrested 8 people suspected of being connected to the killing of a young investigative journ‚Ä¶ https://t.co/f0VvauHkVY,15
@nytimes,-0.3612,Thu Sep 27 20:05:53 +0000 2018,0.894,0.106,0.0,"RT @peterbakernyt: The parallel with the Clinton deposition in the Jones case, when the lawyers gave him a definition of sex, is eerie.",16
@nytimes,0.0,Thu Sep 27 20:03:15 +0000 2018,1.0,0.0,0.0,"In stark contrast to his subdued appearance earlier this week on Fox News, Brett Kavanaugh was sharp and emotional‚Ä¶ https://t.co/C2DyAcoRFu",17
@nytimes,0.0,Thu Sep 27 20:00:07 +0000 2018,1.0,0.0,0.0,"Ana Mendieta‚Äôs art often pushed ethnic, sexual, moral, religious and political boundaries. But her stature as an ar‚Ä¶ https://t.co/Jrr3KYKZuW",18
@nytimes,-0.4404,Thu Sep 27 19:55:21 +0000 2018,0.873,0.127,0.0,"Brett Kavanaugh condemned Democrats who he said had searched for reasons to sink him weeks before, only to turn to‚Ä¶ https://t.co/GbDkZo6swj",19
@nytimes,-0.25,Thu Sep 27 19:50:16 +0000 2018,0.9,0.1,0.0,"RT @peterbakernyt: Kavanaugh: ""You may defeat me in the final vote but you‚Äôll never get me to quit. Never.""",20
@nytimes,-0.4215,Thu Sep 27 19:50:03 +0000 2018,0.756,0.16,0.084,Americans had their first chance to see Dr. Christine Blasey Ford testify about the alleged assault by Judge Brett‚Ä¶ https://t.co/Uol1nB8HXV,21
@nytimes,-0.0772,Thu Sep 27 19:48:41 +0000 2018,0.773,0.12,0.107,"As Brett Kavanaugh recounted his daughters praying last night for Dr. Christine Blasey Ford, he broke down in tears‚Ä¶ https://t.co/FyEMOusEYm",22
@nytimes,0.2023,Thu Sep 27 19:45:04 +0000 2018,0.924,0.0,0.076,"RT @SherylNYT: Christine Blasey Ford's GoFundMe is already on the site's list of top fundraisers. It says she has raised nearly $350,000 so‚Ä¶",23
@nytimes,-0.1779,Thu Sep 27 19:40:09 +0000 2018,0.735,0.147,0.118,"Merle Debuskey, a renowned press agent who was an influential force on and off Broadway for decades, died on Tuesda‚Ä¶ https://t.co/RJ8iOtjMPD",24
@nytimes,0.2263,Thu Sep 27 19:33:13 +0000 2018,0.863,0.0,0.137,"RT @adamliptak: Kavanaugh: ""You have replaced advice and consent with search and destroy.""",25
@nytimes,-0.5719,Thu Sep 27 19:30:44 +0000 2018,0.821,0.179,0.0,"Watch live: ‚ÄúMy family and my name have been totally and permanently destroyed,‚Äù a visibly furious Brett Kavanaugh‚Ä¶ https://t.co/1TYQLMmr6C",26
@nytimes,0.25,Thu Sep 27 19:25:05 +0000 2018,0.913,0.0,0.087,"The EPA plans to dissolve its Office of the Science Advisor, a senior post that was created to counsel the EPA admi‚Ä¶ https://t.co/QOs1Y73bQ8",27
@nytimes,0.0,Thu Sep 27 19:25:03 +0000 2018,1.0,0.0,0.0,"At the #nytnewrules summit, 

Candidates @PearlKimPA of Pennsylvania and @RashidaTlaib of Michigan are discussing w‚Ä¶ https://t.co/3ZfhvDxkzu",28
@nytimes,-0.5956,Thu Sep 27 19:14:53 +0000 2018,0.795,0.205,0.0,"RT @npfandos: A very, very angry Kavanaugh in his opener: ""This confirmation process has become a national disgrace.""",29
@nytimes,-0.5859,Thu Sep 27 19:12:04 +0000 2018,0.808,0.192,0.0,Breaking News: Live video: Brett Kavanaugh is responding to sexual assault allegations described in dramatic testim‚Ä¶ https://t.co/m7a824A2Zu,30
@nytimes,0.0,Thu Sep 27 19:10:05 +0000 2018,1.0,0.0,0.0,"In Opinion

Op-Ed columnist @FrankBruni writes of Dr. Christine Blasey Ford's testimony, ""She came across as both p‚Ä¶ https://t.co/Vrc4M6KQyT",31
@nytimes,0.0,Thu Sep 27 18:55:06 +0000 2018,1.0,0.0,0.0,"For 12 days, Dr. Blasey was an idea rather than a person, sight unseen. But on Thursday, she became very real, tell‚Ä¶ https://t.co/EOmlYp7oNE",32
@nytimes,-0.6159,Thu Sep 27 18:40:04 +0000 2018,0.799,0.201,0.0,"After 45 years, more than 1,000 fights and some of the most lucrative and controversial matches of all time, HBO is‚Ä¶ https://t.co/fn8wGBdu4y",33
@nytimes,0.0305,Thu Sep 27 18:39:16 +0000 2018,0.853,0.07,0.076,RT @peterbakernyt: Mitchell finishes the Republican side‚Äôs questioning of Christine Blasey Ford without shaking her account or even meaning‚Ä¶,34
@nytimes,0.0,Thu Sep 27 18:31:17 +0000 2018,1.0,0.0,0.0,Dr. Christine Blasey Ford‚Äôs testimony has ended.The Senate Judiciary Committee will reconvene to hear Judge Brett K‚Ä¶ https://t.co/duR4AGG0vX,35
@nytimes,-0.6908,Thu Sep 27 18:29:22 +0000 2018,0.759,0.241,0.0,RT @peterbakernyt: Christine Blasey Ford's harrowing account of a sexual assault brought some women to tears and sent shudders through the‚Ä¶,36
@nytimes,0.4019,Thu Sep 27 18:15:03 +0000 2018,0.786,0.07,0.144,"Bill Cosby's sentencing is a #MeToo moment cheered by many women. But at the very same moment, another milestone of‚Ä¶ https://t.co/K8tdvKMan2",37
@nytimes,-0.2263,Thu Sep 27 18:10:58 +0000 2018,0.899,0.101,0.0,Update: Trump‚Äôs meeting with Rosenstein has been delayed until next week. ‚ÄúThe president spoke with Rod Rosenstein‚Ä¶ https://t.co/LEVXWLluNh,38
@nytimes,0.0,Thu Sep 27 18:08:05 +0000 2018,1.0,0.0,0.0,"Live at the #nytnewrules summit:

Journalists @emilybazelon @BretStephensNYT @mega2e @emilysteel @carolynryan are d‚Ä¶ https://t.co/zv6ZDvj7rO",39
@nytimes,-0.128,Thu Sep 27 18:00:43 +0000 2018,0.751,0.134,0.115,"Senator Lindsay Graham delivered a threat to Democrats: ‚ÄúIf this is the new norm, you better watch out for your nom‚Ä¶ https://t.co/9MfAby2QB3",40
@nytimes,-0.5574,Thu Sep 27 18:00:09 +0000 2018,0.825,0.175,0.0,‚ÄúMy only sin is the extrajudicial killings.‚Äù President Duterte said for the first time that extrajudicial killings‚Ä¶ https://t.co/6bW4YvshSm,41
@nytimes,0.7184,Thu Sep 27 17:58:51 +0000 2018,0.76,0.0,0.24,RT @mccanner: Senator Cory Booker just introduced a letter from the Mormon Women for Ethical Government in favor of investigating the Kavan‚Ä¶,42
@nytimes,-0.2023,Thu Sep 27 17:53:54 +0000 2018,0.904,0.096,0.0,"Julie Swetnick, the third woman to accuse Judge Kavanaugh of sexual misconduct restated, through her lawyer Michael‚Ä¶ https://t.co/Eqv2ZYz4qz",43
@nytimes,0.0,Thu Sep 27 17:46:28 +0000 2018,1.0,0.0,0.0,"During the lunch break, Senator Orrin Hatch said of Dr. Blasey to reporters, ‚ÄúI don‚Äôt think she‚Äôs uncredible. I thi‚Ä¶ https://t.co/TSI9FWDlKi",44
@nytimes,-0.3182,Thu Sep 27 17:45:03 +0000 2018,0.897,0.103,0.0,"RT @dagnysalas: Your one place for @nytimes links on Brett Kavanaugh, Christine Blasey Ford, the other accusations, the fallout, Anita Hill‚Ä¶",45
@nytimes,-0.4215,Thu Sep 27 17:45:03 +0000 2018,0.82,0.127,0.053,"On her show, Samantha Bee slammed Brett Kavanaugh‚Äôs defenders: ‚ÄúNo one‚Äôs life is ruined if they don‚Äôt get to be on‚Ä¶ https://t.co/fEBJ12iOjR",46
@nytimes,0.0,Thu Sep 27 17:42:12 +0000 2018,1.0,0.0,0.0,Senator Mazie Hirono of Hawaii has made national headlines in the last week with her blunt comments about the treat‚Ä¶ https://t.co/n1PAKJWAiW,47
@nytimes,-0.1027,Thu Sep 27 17:39:22 +0000 2018,0.909,0.091,0.0,The Senate Judiciary Committee has reconvened for further questioning of Dr. Christine Blasey Ford https://t.co/9OBVg7sD11,48
@nytimes,0.6597,Thu Sep 27 17:36:29 +0000 2018,0.779,0.0,0.221,Dr. Christine Blasey‚Äôs Ford's testimony inspired at least one woman to call into C-SPAN3 to share their own story o‚Ä¶ https://t.co/0yc6m930Pb,49
@nytimes,0.0,Thu Sep 27 17:30:08 +0000 2018,1.0,0.0,0.0,"On Friday, Google‚Äôs chief executive Sundar Pichai will meet with the Republican House majority leader and more than‚Ä¶ https://t.co/6e4LrPUlCd",50
@nytimes,-0.1779,Thu Sep 27 17:26:56 +0000 2018,0.914,0.086,0.0,"With Republicans deferring to Rachel Mitchell, Democrats used their time to make broad political points about the i‚Ä¶ https://t.co/Kxan2cYYHZ",51
@nytimes,0.3182,Thu Sep 27 17:15:05 +0000 2018,0.897,0.0,0.103,"‚ÄúHis Favorites,‚Äù a new novel by Kate Walbert, is primed to be a major work for the #MeToo movement. But rather than‚Ä¶ https://t.co/5Cf10qkmFd",52
@nytimes,-0.0772,Thu Sep 27 17:00:02 +0000 2018,0.813,0.1,0.086,"In 2017, top executives in Nike‚Äôs sports marketing group were about to cut Colin Kaepernick from Nike‚Äôs sponsorship‚Ä¶ https://t.co/5RCQlJ3jqT",53
@nytimes,0.0772,Thu Sep 27 16:51:05 +0000 2018,0.929,0.0,0.071,"Senator Chris Coons asked Dr. Christine Blasey Ford's reaction to the ""excuse that boys will be boys""‚Ä¶ https://t.co/bQeihPMmNL",54
@nytimes,0.0,Thu Sep 27 16:45:09 +0000 2018,1.0,0.0,0.0,How Americans across the U.S. are reacting to Dr. Christine Blasey Ford's testimony https://t.co/gFPzBazNQ0,55
@nytimes,0.0,Thu Sep 27 16:31:16 +0000 2018,1.0,0.0,0.0,"For a group of women watching the hearings in Maine ‚Äî the home state of Senator Susan Collins, whose vote will be p‚Ä¶ https://t.co/kjvoN8ZYQq",56
@nytimes,0.0,Thu Sep 27 16:30:06 +0000 2018,1.0,0.0,0.0,New York City is the latest place to offer gender-neutral birth certificates. But with federal agencies that admini‚Ä¶ https://t.co/jp8snJDBhz,57
@nytimes,-0.1531,Thu Sep 27 16:22:24 +0000 2018,0.775,0.124,0.101,"Dr. Christine Blasey Ford, who has made her fear of flying clear, said that taking a polygraph test was almost as a‚Ä¶ https://t.co/WoX4Wb4JgP",58
@nytimes,-0.6249,Thu Sep 27 16:15:04 +0000 2018,0.638,0.268,0.094,"In May, 5 former Redskins cheerleaders spoke anonymously to the Times about sexual harassment and intimidation on t‚Ä¶ https://t.co/stfPInVrCc",59
@nytimes,-0.6249,Thu Sep 27 16:00:57 +0000 2018,0.658,0.255,0.086,"Dr. Christine Blasey Ford said she was ‚Äú100%‚Äù certain Brett Kavanaugh was her attacker, rebutting a GOP argument ab‚Ä¶ https://t.co/ggly2iUmXP",60
@nytimes,0.0,Thu Sep 27 16:00:06 +0000 2018,1.0,0.0,0.0,"President Trump called a paid China Daily insert in an Iowa newspaper ""propaganda."" Chinese officials said the adve‚Ä¶ https://t.co/Ct75uLuCMm",61
@nytimes,-0.4767,Thu Sep 27 15:52:40 +0000 2018,0.86,0.14,0.0,"At the #nytnewrules summit

Cecile Richards on the Kavanaugh hearing: ""It's one thing for our president to attack w‚Ä¶ https://t.co/RsRo83hGCE",62
@nytimes,-0.1027,Thu Sep 27 15:52:13 +0000 2018,0.931,0.069,0.0,"As the questioning got underway, the GOP choice to turn over questions to Rachel Mitchell appeared cumbersome, as i‚Ä¶ https://t.co/mLkbMFh3R1",63
@nytimes,-0.7964,Thu Sep 27 15:45:03 +0000 2018,0.717,0.283,0.0,"For the first time, a man has been fined under a new French law making verbal sexual harassment illegal. A court fi‚Ä¶ https://t.co/qEuwzYnTmR",64
@nytimes,0.0,Thu Sep 27 15:44:48 +0000 2018,1.0,0.0,0.0,"RT @SherylNYT: .@ChuckGrassley , asked if he finds Christine Blasey Ford credible: ‚ÄúLet me suggest this. I know that we‚Äôve got to take what‚Ä¶",65
@nytimes,0.0,Thu Sep 27 15:40:26 +0000 2018,1.0,0.0,0.0,"As other senators sought to clarify Dr. Christine Blasey Ford‚Äôs memory, Senator Richard Durbin took the question he‚Ä¶ https://t.co/e7oWATe4nG",66
@nytimes,-0.1027,Thu Sep 27 15:38:03 +0000 2018,0.928,0.072,0.0,"RT @SherylNYT: Here is the map of Kavanaugh‚Äôs neighborhood that Ms. Mitchell, the GOP questioner, introduced in questioning. https://t.co/U‚Ä¶",67
@nytimes,0.4404,Thu Sep 27 15:32:57 +0000 2018,0.868,0.0,0.132,"Senator Patrick Leahy asked Dr. Christine Blasey Ford the strongest memory she had of the incident. 

She said, ""Th‚Ä¶ https://t.co/JitZmd16f5",68
@nytimes,0.0,Thu Sep 27 15:30:11 +0000 2018,1.0,0.0,0.0,"As many as 40,000 workers at the three big airports that serve New York City are on a path to earning at least $19‚Ä¶ https://t.co/SAsTzJRudu",69
@nytimes,0.0,Thu Sep 27 15:21:16 +0000 2018,1.0,0.0,0.0,"Republicans have relinquished their 5-minute question periods to a veteran prosecutor, Rachel Mitchell, though also‚Ä¶ https://t.co/MY5sUpw9kZ",70
@nytimes,-0.8074,Thu Sep 27 15:15:06 +0000 2018,0.711,0.289,0.0,"4 years after the killing of Melissa Millan, who was stabbed while jogging, a man walked into his pastors‚Äô home and‚Ä¶ https://t.co/ETFdYrS1Yq",71
@nytimes,-0.8176,Thu Sep 27 15:07:57 +0000 2018,0.691,0.309,0.0,"""It was hard for me to breathe, and I thought that Brett was accidentally going to kill me,"" Blasey Ford told senat‚Ä¶ https://t.co/wueEJ16GQ0",72
@nytimes,0.0,Thu Sep 27 15:00:20 +0000 2018,1.0,0.0,0.0,Bill Cosby is now occupying a single 7-by-13-foot cell with a 10-foot ceiling https://t.co/VjOFEQ7jhu,73
@nytimes,0.0258,Thu Sep 27 14:57:59 +0000 2018,0.85,0.072,0.077,"Dr. Christine Blasey Ford delivered her opening statement, at times through tears, at times resolute ‚Äî but always w‚Ä¶ https://t.co/Vaa9nsYJWn",74
@nytimes,-0.296,Thu Sep 27 14:55:18 +0000 2018,0.885,0.115,0.0,Watch the contentious moment between Senators Dianne Feinstein and Charles Grassley at the beginning of the hearing‚Ä¶ https://t.co/kuTZYpKTXU,75
@nytimes,0.0,Thu Sep 27 14:50:07 +0000 2018,1.0,0.0,0.0,"RT @mccanner: We talked this week with Senator John Kennedy, one of the Republican members of the Judiciary Committee, about what he's thin‚Ä¶",76
@nytimes,-0.2263,Thu Sep 27 14:45:03 +0000 2018,0.909,0.091,0.0,The White House hinted that a meeting between President Trump and Rod Rosenstein could be delayed a few hours or re‚Ä¶ https://t.co/HKgORJwcp3,77
@nytimes,0.1513,Thu Sep 27 14:44:05 +0000 2018,0.914,0.0,0.086,RT @amyvirshup: Yale Law School is experiencing an unusually intense bout of existential hand-wringing over Kavanaugh nomination. @davidwch‚Ä¶,78
@nytimes,0.2263,Thu Sep 27 14:43:44 +0000 2018,0.872,0.0,0.128,"Read Dr. Christine Blasey Ford's prepared statement, as released by the Judiciary Committee https://t.co/kWlhFfRlHn",79
@nytimes,0.0,Thu Sep 27 14:35:59 +0000 2018,1.0,0.0,0.0,"RT @SherylNYT: Dianne Feinstein: ‚ÄúThis is not a trial, Dr. Ford, if it‚Äôs a job interview for Judge Kavanaugh. Is Brett Kavanaugh  who we wa‚Ä¶",80
@nytimes,-0.4939,Thu Sep 27 14:32:00 +0000 2018,0.856,0.144,0.0,"RT @kbennhold: A year ago Erdogan called Germany's government ""enemies of Turkey."" This week he's being treated to a full-blown state visit‚Ä¶",81
@nytimes,0.0,Thu Sep 27 14:22:47 +0000 2018,1.0,0.0,0.0,"RT @SherylNYT: The view from the back of the room as Dr. Christine Blasey Ford faces the Senate Judiciary Committee, making her first publi‚Ä¶",82
@nytimes,0.0,Thu Sep 27 14:15:39 +0000 2018,1.0,0.0,0.0,"In the minutes before Dr. Christine Blasey Ford arrived on Capitol Hill, Deborah Ramirez, another of Judge Brett Ka‚Ä¶ https://t.co/R7csxDgVXx",83
@nytimes,0.0,Thu Sep 27 14:15:06 +0000 2018,1.0,0.0,0.0,Mark Judge‚Äôs online persona: Selfie videos and filming young women https://t.co/ua1JOlMQXT,84
@nytimes,-0.5859,Thu Sep 27 14:04:40 +0000 2018,0.826,0.174,0.0,Breaking News: Live video: Watch Christine Blasey Ford testify about her sexual assault claim against Judge Brett K‚Ä¶ https://t.co/2LizqETtZM,85
@nytimes,0.4404,Thu Sep 27 14:04:22 +0000 2018,0.879,0.0,0.121,RT @SherylNYT: Kavanaugh supporters rally on Capitol Hill. Police dog can be heard barking in the background. Watch @nytimes for live cover‚Ä¶,86
@nytimes,0.296,Thu Sep 27 14:00:07 +0000 2018,0.752,0.097,0.15,Judges Clarence Thomas and Brett Kavanaugh were accused of sexual misconduct. Justice Thomas now sits on the bench‚Ä¶ https://t.co/A2RdenlTQX,87
@nytimes,0.0,Thu Sep 27 13:55:49 +0000 2018,1.0,0.0,0.0,RT @SherylNYT: Kavanaugh opponents march on Capitol Hill. ‚ÄúKava-no!‚Äù they are chanting. Watch @nytimes for live updates from today‚Äô hearing‚Ä¶,88
@nytimes,-0.5267,Thu Sep 27 13:45:05 +0000 2018,0.804,0.196,0.0,"President Trump accused China of interfering in the midterm elections, but offered no evidence of how China might b‚Ä¶ https://t.co/8Wx1jVe3rg",89
@nytimes,-0.5267,Thu Sep 27 13:30:16 +0000 2018,0.861,0.139,0.0,RT @mikiebarb: On today's daily: Why Republicans are framing today's hearing as a criminal trial and Democrats are treating it as job inter‚Ä¶,90
@nytimes,0.0,Thu Sep 27 13:21:08 +0000 2018,1.0,0.0,0.0,RT @SherylNYT: Here‚Äôs your guide for today‚Äôs Kavanaugh hearings. I‚Äôll be in the room. Watch for news and analysis from @nytimes live briefi‚Ä¶,91
@nytimes,0.2263,Thu Sep 27 13:14:06 +0000 2018,0.787,0.0,0.213,Read Dr. Christine Blasey Ford's prepared statement https://t.co/7TN59g1R7B,92
@nytimes,0.0,Thu Sep 27 13:12:44 +0000 2018,1.0,0.0,0.0,"Stacy Brown-Philpot of @taskrabbit, Belinda Johnson of @Airbnb, and @aileenlee of @CowboyVC are disrupting Silicon‚Ä¶ https://t.co/dwIABVnlL6",93
@nytimes,0.0,Thu Sep 27 13:00:18 +0000 2018,1.0,0.0,0.0,Morning Briefing: Here's what you need to know to start your day https://t.co/hzoUgH5GjF https://t.co/Ke8dPzUXuO,94
@nytimes,0.296,Thu Sep 27 12:45:05 +0000 2018,0.891,0.0,0.109,RT @JulietMacur: Two former Washington Redskins cheerleaders couldn‚Äôt bear to remain silent anymore after speaking anonymously to the @nyti‚Ä¶,95
@nytimes,-0.6369,Thu Sep 27 12:31:07 +0000 2018,0.811,0.189,0.0,"Rachel Mitchell has a long record as an evenhanded prosecutor of sex and domestic abuse cases, though some Arizonan‚Ä¶ https://t.co/gUpsQQcaLu",96
@nytimes,0.0,Thu Sep 27 12:15:02 +0000 2018,1.0,0.0,0.0,"It was a ""moment of yuck,"" the kayaker said https://t.co/om7zrHSINs",97
@nytimes,0.0,Thu Sep 27 12:00:08 +0000 2018,1.0,0.0,0.0,"Your daily @DealBook Briefing:

‚Ä¢ Founders may think twice about selling to Facebook.¬†

‚Ä¢ SoftBank's founder has th‚Ä¶ https://t.co/LO93gtGsmL",98
@nytimes,0.8614,Thu Sep 27 11:45:06 +0000 2018,0.602,0.076,0.322,RT @taffyakner: Turns out the celebrity profile is *not* dead but some people very much wish it were. Please enjoy my story about Bradley C‚Ä¶,99
@nytimes,0.0,Thu Sep 27 11:29:05 +0000 2018,1.0,0.0,0.0,"""I am here because I believe it is my civic duty to tell you what happened to me while Brett Kavanaugh and I were i‚Ä¶ https://t.co/hypk81OTZ0",100
